time;gFx;gFy;gFz;TgF
0.00256;-0,0222;0,1277;0,9581;0,967
0.002998846;-0,0249;0,1252;0,9714;0,980
0.003350769;-0,0261;0,1250;0,9819;0,990
0.003615692;-0,0281;0,1231;0,9935;1,001
0.003811461;-0,0312;0,1228;1,0028;1,011
0.004011461;-0,0317;0,1189;1,0084;1,016
0.004297231;-0,0337;0,1182;1,0161;1,024
0.006873231;-0,0333;0,1189;1,0203;1,028
0.013675769;-0,0337;0,1184;1,0240;1,031
0.014447154;-0,0345;0,1157;1,0233;1,030
0.014957923;-0,0354;0,1130;1,0247;1,032
0.016773538;-0,0345;0,1142;1,0250;1,032
0.019404923;-0,0328;0,1135;1,0250;1,032
0.022022231;-0,0340;0,1171;1,0247;1,032
0.027354538;-0,0323;0,1159;1,0250;1,032
0.028337846;-0,0305;0,1171;1,0233;1,030
0.029820384;-0,0303;0,1164;1,0220;1,029
0.032153615;-0,0312;0,1162;1,0201;1,027
0.034714846;-0,0323;0,1159;1,0184;1,025
0.037138846;-0,0340;0,1135;1,0142;1,021
0.040258461;-0,0364;0,1159;1,0096;1,017
0.04318;-0,0347;0,1162;1,0049;1,012
0.044752077;-0,0347;0,1177;1,0008;1,008
0.047198769;-0,0379;0,1191;0,9923;1,000
0.049729538;-0,0401;0,1206;0,9900;0,998
0.052257846;-0,0426;0,1213;0,9898;0,998
0.054910231;-0,0403;0,1215;0,9851;0,993
0.057433307;-0,0373;0,1210;0,9815;0,990
0.059899461;-0,0328;0,1201;0,9766;0,985
0.062381231;-0,0254;0,1162;0,9746;0,982
0.064826461;-0,0225;0,1174;0,9663;0,974
0.067453307;-0,0228;0,1194;0,9583;0,966
0.069867077;-0,0203;0,1223;0,9521;0,960
0.072393846;-0,0142;0,1235;0,9532;0,961
0.077438461;-0,0135;0,1228;0,9539;0,962
0.078292;-0,0100;0,1223;0,9561;0,964
0.079932384;-0,0063;0,1213;0,9614;0,969
0.082386538;-0,0124;0,1243;0,9597;0,968
0.084974846;-0,0179;0,1277;0,9588;0,967
0.088006538;-0,0205;0,1282;0,9614;0,970
0.093411154;-0,0210;0,1271;0,9670;0,976
0.094241923;-0,0200;0,1275;0,9705;0,979
0.095756692;-0,0176;0,1247;0,9756;0,984
0.098080692;-0,0127;0,1184;0,9830;0,990
0.100033538;-0,0151;0,1169;0,9886;0,996
0.102652692;-0,0181;0,1208;0,9868;0,994
0.105057615;-0,0203;0,1226;0,9866;0,994
0.107890461;-0,0235;0,1203;0,9898;0,997
0.110293;-0,0230;0,1194;0,9949;1,002
0.113421307;-0,0244;0,1189;0,9996;1,007
0.115113615;-0,0232;0,1174;1,0022;1,009
0.117768307;-0,0247;0,1166;1,0035;1,011
0.120148307;-0,0254;0,1147;1,0022;1,009
0.123596923;-0,0252;0,1145;1,0033;1,010
0.125349538;-0,0228;0,1117;1,0030;1,009
0.128069307;-0,0179;0,1084;1,0042;1,010
0.130375154;-0,0191;0,1122;1,0012;1,008
0.132798231;-0,0217;0,1152;0,9986;1,005
0.135204;-0,0217;0,1162;0,9981;1,005
0.137662461;-0,0200;0,1182;0,9979;1,005
0.140318154;-0,0181;0,1189;0,9986;1,006
0.142786769;-0,0166;0,1174;0,9961;1,003
0.145347154;-0,0149;0,1179;0,9956;1,003
0.147954846;-0,0130;0,1142;0,9979;1,004
0.150584;-0,0107;0,1142;0,9961;1,003
0.153083769;-0,0083;0,1089;0,9993;1,005
0.155480307;-0,0110;0,1103;0,9996;1,006
0.158190154;-0,0117;0,1140;0,9956;1,002
0.160736923;-0,0107;0,1157;0,9949;1,002
0.163126846;-0,0112;0,1154;0,9956;1,002
0.165659461;-0,0088;0,1147;0,9949;1,002
0.168318154;-0,0068;0,1138;0,9937;1,000
0.170772307;-0,0081;0,1125;0,9905;0,997
0.176923461;-0,0100;0,1133;0,9900;0,997
0.177884923;-0,0079;0,1115;0,9917;0,998
0.178569;-0,0095;0,1076;0,9947;1,001
0.180995077;-0,0142;0,1113;0,9905;0,997
0.183420615;-0,0161;0,1182;0,9898;0,997
0.185723077;-0,0181;0,1189;0,9917;0,999
0.188202461;-0,0188;0,1201;0,9915;0,999
0.193862846;-0,0193;0,1201;0,9915;0,999
0.194669307;-0,0176;0,1184;0,9917;0,999
0.195909923;-0,0171;0,1162;0,9907;0,998
0.198312077;-0,0191;0,1166;0,9940;1,001
0.200785231;-0,0193;0,1179;0,9937;1,001
0.203331077;-0,0207;0,1184;0,9952;1,002
0.206008384;-0,0237;0,1189;0,9977;1,005
0.208421923;-0,0244;0,1213;1,0024;1,010
0.210976923;-0,0230;0,1240;1,0030;1,011
0.213392692;-0,0191;0,1154;1,0049;1,012
0.216021231;-0,0217;0,1179;1,0057;1,013
0.218530769;-0,0242;0,1226;1,0024;1,010
0.220877538;-0,0266;0,1233;0,9988;1,007
0.223862846;-0,0268;0,1228;0,9979;1,006
0.226237;-0,0274;0,1201;0,9973;1,005
0.228827384;-0,0293;0,1191;0,9954;1,003
0.231172692;-0,0268;0,1159;0,9947;1,002
0.233728615;-0,0286;0,1142;0,9993;1,006
0.236339077;-0,0281;0,1147;0,9986;1,006
0.238836077;-0,0274;0,1145;0,9952;1,002
0.241173231;-0,0274;0,1142;0,9944;1,001
0.243819077;-0,0261;0,1122;0,9888;0,995
0.246137846;-0,0244;0,1103;0,9868;0,993
0.248628923;-0,0200;0,1122;0,9851;0,992
0.251463692;-0,0142;0,1076;0,9839;0,990
0.253832615;-0,0156;0,1086;0,9842;0,990
0.257049231;-0,0203;0,1128;0,9798;0,986
0.258958154;-0,0235;0,1179;0,9737;0,981
0.261329538;-0,0271;0,1189;0,9751;0,983
0.263811692;-0,0300;0,1220;0,9763;0,984
0.266603692;-0,0305;0,1203;0,9758;0,984
0.268996615;-0,0286;0,1201;0,9763;0,984
0.271362769;-0,0296;0,1191;0,9798;0,987
0.274443769;-0,0312;0,1196;0,9832;0,991
0.276450231;-0,0324;0,1169;0,9847;0,992
0.278864;-0,0305;0,1162;0,9854;0,993
0.281184384;-0,0274;0,1174;0,9871;0,994
0.283864384;-0,0284;0,1184;0,9888;0,996
0.286393923;-0,0268;0,1162;0,9898;0,997
0.288816923;-0,0230;0,1169;0,9893;0,996
0.294074769;-0,0249;0,1157;0,9891;0,996
0.294885615;-0,0261;0,1150;0,9915;0,999
0.296511077;-0,0252;0,1135;0,9930;1,000
0.299240615;-0,0252;0,1138;0,9949;1,002
0.302010769;-0,0228;0,1142;0,9981;1,005
0.303949307;-0,0219;0,1133;1,0010;1,008
0.312195384;-0,0222;0,1135;1,0020;1,009
0.313070769;-0,0271;0,1120;1,0042;1,011
0.313672077;-0,0212;0,1086;1,0057;1,012
0.314138231;-0,0198;0,1096;1,0071;1,013
0.316676615;-0,0193;0,1089;1,0103;1,016
0.319288077;-0,0147;0,1071;1,0115;1,017
0.321939154;-0,0093;0,1049;1,0105;1,016
0.324217231;-0,0100;0,1040;1,0117;1,017
0.326723692;-0,0079;0,1030;1,0122;1,017
0.329007154;-0,0075;0,1017;1,0113;1,016
0.331726846;-0,0068;0,1045;1,0093;1,015
0.334367384;-0,0056;0,1069;1,0035;1,009
0.336706846;-0,0037;0,1057;0,9993;1,005
0.340342538;-0,0024;0,1049;0,9954;1,001
0.342081231;-0,0019;0,1037;0,9905;0,996
0.344572692;-0,0026;0,1073;0,9881;0,994
0.347000384;-0,0032;0,1098;0,9868;0,993
0.349375769;-0,0054;0,1115;0,9866;0,993
0.352106769;-0,0070;0,1145;0,9856;0,992
0.354585307;-0,0086;0,1162;0,9827;0,990
0.357606769;-0,0079;0,1174;0,9812;0,988
0.359650231;-0,0114;0,1186;0,9822;0,989
0.362693231;-0,0124;0,1191;0,9807;0,988
0.364436;-0,0124;0,1196;0,9839;0,991
0.367193231;-0,0124;0,1174;0,9822;0,989
0.369780384;-0,0119;0,1154;0,9822;0,989
0.372168923;-0,0122;0,1133;0,9815;0,988
0.378923154;-0,0144;0,1113;0,9770;0,983
0.379976077;-0,0151;0,1120;0,9756;0,982
0.380649231;-0,0168;0,1128;0,9761;0,983
0.383642538;-0,0184;0,1138;0,9751;0,982
0.38494;-0,0212;0,1154;0,9742;0,981
0.387162461;-0,0222;0,1142;0,9786;0,985
0.397653615;-0,0228;0,1150;0,9830;0,990
0.399011384;-0,0242;0,1128;0,9893;0,996
0.399872923;-0,0240;0,1115;0,9917;0,998
0.400678154;-0,0268;0,1098;0,9937;1,000
0.401352692;-0,0256;0,1073;0,9959;1,002
0.402145;-0,0252;0,1091;0,9979;1,004
0.404617538;-0,0228;0,1098;1,0005;1,007
0.407225231;-0,0195;0,1122;1,0000;1,006
0.409949307;-0,0198;0,1164;0,9964;1,003
0.412080615;-0,0205;0,1201;0,9937;1,001
0.414769538;-0,0198;0,1233;0,9923;1,000
0.417268692;-0,0173;0,1277;0,9891;0,997
0.419658846;-0,0173;0,1311;0,9856;0,994
0.422351154;-0,0166;0,1357;0,9849;0,994
0.425115077;-0,0168;0,1382;0,9783;0,988
0.427495384;-0,0130;0,1436;0,9793;0,990
0.430007461;-0,0132;0,1467;0,9776;0,989
0.432546461;-0,0147;0,1497;0,9766;0,988
0.435129846;-0,0149;0,1518;0,9773;0,989
0.437616;-0,0161;0,1536;0,9779;0,990
0.441304307;-0,0210;0,1548;0,9734;0,986
0.442708384;-0,0212;0,1580;0,9744;0,987
0.445106846;-0,0232;0,1618;0,9744;0,988
0.447625615;-0,0242;0,1631;0,9717;0,986
0.450281846;-0,0228;0,1646;0,9749;0,989
0.452728307;-0,0254;0,1653;0,9770;0,991
0.455245846;-0,0271;0,1687;0,9791;0,994
0.458512384;-0,0296;0,1667;0,9861;1,001
0.460213;-0,0328;0,1680;0,9903;1,005
0.462651692;-0,0335;0,1680;0,9915;1,006
0.465323692;-0,0340;0,1660;0,9949;1,009
0.467776692;-0,0389;0,1631;0,9903;1,004
0.470251384;-0,0417;0,1604;0,9819;0,996
0.474513615;-0,0410;0,1604;0,9805;0,994
0.476107692;-0,0377;0,1636;0,9844;0,999
0.477904307;-0,0317;0,1648;0,9861;1,000
0.480252923;-0,0281;0,1665;0,9881;1,002
0.482911769;-0,0249;0,1648;0,9898;1,004
0.485493615;-0,0219;0,1636;0,9888;1,002
0.488309538;-0,0217;0,1601;0,9871;1,000
0.499092077;-0,0237;0,1601;0,9868;1,000
0.501048692;-0,0242;0,1590;0,9849;0,998
0.502136077;-0,0240;0,1606;0,9876;1,001
0.502602769;-0,0237;0,1618;0,9896;1,003
0.503049846;-0,0228;0,1624;0,9924;1,006
0.503436692;-0,0232;0,1634;0,9947;1,008
0.505788692;-0,0230;0,1611;0,9968;1,010
0.510149;-0,0219;0,1567;0,9956;1,008
0.510883154;-0,0200;0,1543;0,9942;1,006
0.513260384;-0,0184;0,1506;0,9917;1,003
0.515830461;-0,0156;0,1485;0,9932;1,004
0.518186154;-0,0156;0,1499;0,9917;1,003
0.521052923;-0,0137;0,1485;0,9900;1,001
0.524117923;-0,0132;0,1469;0,9898;1,001
0.525750846;-0,0132;0,1482;0,9888;1,000
0.528237;-0,0122;0,1497;0,9868;0,998
0.530896384;-0,0091;0,1516;0,9830;0,995
0.533075461;-0,0070;0,1513;0,9822;0,994
0.535980923;-0,0049;0,1516;0,9835;0,995
0.538328384;-0,0037;0,1536;0,9830;0,995
0.540870538;0,0006;0,1526;0,9825;0,994
0.543454846;0,0006;0,1513;0,9810;0,993
0.545801846;0,0038;0,1501;0,9835;0,995
0.548050231;0,0053;0,1531;0,9842;0,996
0.550905846;0,0067;0,1533;0,9849;0,997
0.553318231;0,0097;0,1523;0,9832;0,995
0.557108384;0,0106;0,1516;0,9810;0,993
0.558489923;0,0104;0,1497;0,9779;0,989
0.561008;0,0106;0,1494;0,9758;0,987
0.563381;0,0109;0,1474;0,9751;0,986
0.565912384;0,0104;0,1482;0,9754;0,987
0.568478846;0,0121;0,1501;0,9749;0,986
0.571202154;0,0065;0,1508;0,9758;0,987
0.573770154;0,0023;0,1518;0,9739;0,986
0.576007384;0,0004;0,1541;0,9756;0,988
0.578561538;-0,0017;0,1543;0,9779;0,990
0.581423769;-0,0039;0,1565;0,9800;0,992
0.583504077;-0,0068;0,1569;0,9830;0,995
0.586230461;-0,0088;0,1550;0,9825;0,995
0.588454846;-0,0130;0,1580;0,9839;0,997
0.599339077;-0,0171;0,1578;0,9827;0,995
0.601390461;-0,0184;0,1572;0,9817;0,994
0.601767154;-0,0198;0,1585;0,9803;0,993
0.602069231;-0,0195;0,1572;0,9807;0,993
0.602512384;-0,0219;0,1555;0,9807;0,993
0.603863692;-0,0235;0,1541;0,9795;0,992
0.619414154;-0,0266;0,1511;0,9817;0,994
0.619914846;-0,0281;0,1497;0,9825;0,994
0.620241538;-0,0279;0,1492;0,9856;0,997
0.620575077;-0,0303;0,1450;0,9891;1,000
0.620920308;-0,0320;0,1428;0,9907;1,001
0.621288077;-0,0303;0,1401;0,9935;1,004
0.621655461;-0,0284;0,1420;0,9956;1,006
0.624887692;-0,0277;0,1387;0,9964;1,006
0.626297923;-0,0254;0,1374;0,9964;1,006
0.628599769;-0,0247;0,1387;0,9971;1,007
0.631233615;-0,0217;0,1387;0,9949;1,005
0.633820615;-0,0195;0,1384;0,9940;1,004
0.636298538;-0,0176;0,1399;0,9940;1,004
0.638857923;-0,0137;0,1433;0,9924;1,003
0.641344384;-0,0122;0,1440;0,9917;1,002
0.644113231;-0,0095;0,1467;0,9915;1,002
0.646558461;-0,0075;0,1497;0,9900;1,001
0.648702231;-0,0058;0,1511;0,9891;1,001
0.651514231;-0,0046;0,1536;0,9871;0,999
0.654484384;-0,0037;0,1548;0,9874;0,999
0.657321231;-0,0044;0,1545;0,9874;0,999
0.659058154;-0,0039;0,1567;0,9854;0,998
0.661567692;-0,0030;0,1557;0,9822;0,995
0.663998154;-0,0030;0,1536;0,9812;0,993
0.666791692;-0,0034;0,1543;0,9812;0,993
0.669362154;-0,0019;0,1543;0,9803;0,992
0.671653538;-0,0005;0,1553;0,9791;0,991
0.674116077;0,0001;0,1553;0,9773;0,990
0.676852384;-0,0030;0,1548;0,9768;0,989
0.679284;-0,0039;0,1562;0,9773;0,990
0.681790846;-0,0044;0,1578;0,9763;0,989
0.684258231;-0,0086;0,1569;0,9754;0,988
0.686785538;-0,0117;0,1569;0,9739;0,987
0.693474846;-0,0132;0,1565;0,9754;0,988
0.694318538;-0,0156;0,1592;0,9754;0,988
0.694818846;-0,0159;0,1580;0,9730;0,986
0.697159384;-0,0184;0,1562;0,9730;0,986
0.699432923;-0,0186;0,1572;0,9734;0,986
0.701734154;-0,0210;0,1548;0,9717;0,984
0.704162231;-0,0230;0,1529;0,9707;0,983
0.711680692;-0,0247;0,1511;0,9705;0,983
0.712394538;-0,0232;0,1497;0,9702;0,982
0.712863077;-0,0242;0,1501;0,9690;0,981
0.714385923;-0,0237;0,1489;0,9717;0,983
0.716948384;-0,0247;0,1501;0,9686;0,980
0.719445923;-0,0235;0,1499;0,9690;0,981
0.722012077;-0,0230;0,1485;0,9705;0,982
0.724576;-0,0232;0,1480;0,9722;0,984
0.726976384;-0,0232;0,1462;0,9754;0,987
0.729375692;-0,0219;0,1450;0,9770;0,988
0.732076923;-0,0212;0,1445;0,9773;0,988
0.734450846;-0,0217;0,1460;0,9783;0,989
0.737416384;-0,0244;0,1457;0,9819;0,993
0.740217308;-0,0237;0,1455;0,9832;0,994
0.741907384;-0,0237;0,1440;0,9822;0,993
0.744940692;-0,0235;0,1448;0,9807;0,992
0.747239769;-0,0244;0,1445;0,9854;0,996
0.749837;-0,0237;0,1455;0,9863;0,997
0.752321231;-0,0247;0,1472;0,9854;0,997
0.754799384;-0,0266;0,1485;0,9859;0,997
0.757329615;-0,0249;0,1472;0,9881;0,999
0.759933846;-0,0264;0,1464;0,9898;1,001
0.762551769;-0,0274;0,1487;0,9917;1,003
0.764853;-0,0242;0,1467;0,9928;1,004
0.767399461;-0,0259;0,1452;0,9937;1,005
0.769925615;-0,0225;0,1433;0,9923;1,003
0.772161231;-0,0228;0,1428;0,9912;1,002
0.775001846;-0,0210;0,1404;0,9935;1,004
0.777389846;-0,0186;0,1408;0,9932;1,003
0.779750769;-0,0179;0,1425;0,9924;1,003
0.782255077;-0,0156;0,1450;0,9932;1,004
0.784732615;-0,0154;0,1452;0,9912;1,002
0.787440615;-0,0163;0,1455;0,9905;1,001
0.793843461;-0,0161;0,1485;0,9912;1,002
0.794664384;-0,0139;0,1464;0,9928;1,004
0.795147384;-0,0144;0,1467;0,9905;1,001
0.797704;-0,0135;0,1469;0,9900;1,001
0.800190769;-0,0127;0,1487;0,9898;1,001
0.802566461;-0,0127;0,1462;0,9928;1,004
0.805110769;-0,0142;0,1485;0,9947;1,006
0.810223077;-0,0137;0,1482;0,9968;1,008
0.810734846;-0,0100;0,1477;0,9973;1,008
0.812494769;-0,0114;0,1480;0,9986;1,010
0.814992384;-0,0110;0,1504;0,9986;1,010
0.817651692;-0,0107;0,1508;0,9981;1,009
0.820002846;-0,0132;0,1520;0,9984;1,010
0.823812923;-0,0154;0,1533;0,9977;1,009
0.825428615;-0,0161;0,1553;0,9984;1,011
0.827718538;-0,0161;0,1553;0,9991;1,011
0.830187692;-0,0179;0,1572;0,9968;1,009
0.832889923;-0,0212;0,1572;0,9954;1,008
0.835263461;-0,0198;0,1575;0,9968;1,009
0.837710154;-0,0184;0,1582;0,9954;1,008
0.840455384;-0,0184;0,1545;0,9952;1,007
0.842865923;-0,0159;0,1533;0,9961;1,008
0.845156077;-0,0168;0,1529;0,9937;1,006
0.847986231;-0,0154;0,1513;0,9928;1,004
0.850505308;-0,0135;0,1497;0,9930;1,004
0.853013615;-0,0135;0,1497;0,9905;1,002
0.857637846;-0,0137;0,1452;0,9888;0,999
0.859200615;-0,0139;0,1457;0,9888;1,000
0.860479384;-0,0151;0,1428;0,9871;0,998
0.863687461;-0,0119;0,1428;0,9861;0,996
0.865472308;-0,0098;0,1416;0,9847;0,995
0.867994538;-0,0086;0,1408;0,9815;0,992
0.870531769;-0,0068;0,1423;0,9810;0,991
0.873561538;-0,0012;0,1418;0,9798;0,990
0.875422769;0,0034;0,1464;0,9791;0,990
0.878311077;0,0075;0,1520;0,9798;0,992
0.880686538;0,0078;0,1597;0,9791;0,992
0.883159077;0,0097;0,1687;0,9781;0,993
0.885724923;0,0109;0,1780;0,9746;0,991
0.887892384;0,0116;0,1875;0,9734;0,991
0.898638231;0,0094;0,1951;0,9705;0,990
0.900498846;0,0075;0,2049;0,9683;0,990
0.901091692;0,0038;0,2154;0,9665;0,990
0.901540077;0,0023;0,2249;0,9688;0,995
0.901918538;0,0021;0,2330;0,9681;0,996
0.903073615;0,0023;0,2423;0,9678;0,998
0.906049615;0,0004;0,2471;0,9683;0,999
0.911719692;0,0009;0,2530;0,9681;1,001
0.912297923;-0,0019;0,2561;0,9675;1,001
0.913045;-0,0061;0,2554;0,9661;0,999
0.915650846;-0,0093;0,2528;0,9661;0,999
0.918628;-0,0127;0,2496;0,9653;0,997
0.920747077;-0,0168;0,2459;0,9681;0,999
0.924483077;-0,0219;0,2417;0,9705;1,000
0.926051461;-0,0252;0,2379;0,9744;1,003
0.928219154;-0,0288;0,2330;0,9773;1,005
0.930912923;-0,0296;0,2283;0,9800;1,007
0.933466846;-0,0317;0,2256;0,9879;1,014
0.935875384;-0,0323;0,2244;0,9917;1,017
0.938351692;-0,0298;0,2249;0,9959;1,021
0.940859461;-0,0277;0,2270;0,9988;1,025
0.943465538;-0,0256;0,2295;1,0000;1,026
0.945986154;-0,0256;0,2354;1,0012;1,029
0.948456;-0,0247;0,2415;1,0042;1,033
0.951025923;-0,0256;0,2468;1,0042;1,034
0.953485923;-0,0244;0,2535;1,0040;1,036
0.957107692;-0,0237;0,2622;1,0012;1,035
0.958817615;-0,0228;0,2698;0,9991;1,035
0.961256308;-0,0212;0,2762;0,9993;1,037
0.963659384;-0,0205;0,2840;0,9937;1,034
0.966113846;-0,0215;0,2918;0,9886;1,031
0.968607154;-0,0195;0,3013;0,9861;1,031
0.971213923;-0,0195;0,3102;0,9815;1,030
0.973583461;-0,0215;0,3174;0,9779;1,028
0.976379384;-0,0219;0,3255;0,9724;1,026
0.978677308;-0,0242;0,3323;0,9670;1,023
0.981108923;-0,0232;0,3385;0,9653;1,023
0.98388;-0,0240;0,3439;0,9630;1,023
0.986539461;-0,0252;0,3476;0,9597;1,021
0.988974538;-0,0256;0,3539;0,9602;1,024
0.994437231;-0,0259;0,3568;0,9624;1,027
0.995214154;-0,0266;0,3588;0,9656;1,030
0.996395154;-0,0259;0,3602;0,9673;1,033
0.998892077;-0,0232;0,3588;0,9688;1,033
1.001691077;-0,0242;0,3581;0,9719;1,036
1.004226154;-0,0237;0,3553;0,9742;1,037
1.009412923;-0,0219;0,3553;0,9770;1,040
1.009910538;-0,0176;0,3534;0,9822;1,044
1.011380308;-0,0135;0,3551;0,9868;1,049
1.013939769;-0,0127;0,3568;0,9868;1,049
1.016425231;-0,0086;0,3553;0,9879;1,050
1.018943384;-0,0061;0,3549;0,9917;1,053
1.021418154;-0,0042;0,3517;0,9930;1,053
1.024064384;-0,0034;0,3490;0,9947;1,054
1.026492;-0,0014;0,3497;0,9949;1,055
1.02896;0,0016;0,3490;0,9964;1,056
1.031575461;0,0029;0,3495;0,9991;1,058
1.033923077;0,0036;0,3527;1,0020;1,062
1.036296077;0,0055;0,3570;1,0037;1,065
1.039732615;0,0094;0,3617;1,0049;1,068
1.041577923;0,0146;0,3658;1,0042;1,069
1.044091154;0,0190;0,3686;1,0020;1,068
1.046814769;0,0183;0,3719;1,0008;1,068
1.049158846;0,0195;0,3771;0,9979;1,067
1.051744923;0,0216;0,3828;0,9977;1,069
1.054920308;0,0214;0,3903;0,9956;1,070
1.057040692;0,0178;0,3923;0,9947;1,069
1.059498538;0,0150;0,3956;0,9905;1,067
1.062208615;0,0118;0,3968;0,9884;1,065
1.064539769;0,0109;0,3993;0,9854;1,063
1.067258538;0,0087;0,4026;0,9756;1,055
1.069341538;0,0065;0,4049;0,9681;1,049
1.071923154;0,0050;0,4079;0,9612;1,044
1.082921538;0,0009;0,4103;0,9525;1,037
1.083772308;-0,0012;0,4115;0,9490;1,034
1.084263461;-0,0044;0,4133;0,9404;1,027
1.084572615;-0,0107;0,4128;0,9358;1,023
1.084821;-0,0135;0,4138;0,9323;1,020
1.087248;-0,0112;0,4122;0,9253;1,013
1.095339461;-0,0105;0,4108;0,9187;1,006
1.095901231;-0,0093;0,4110;0,9145;1,003
1.096211384;-0,0054;0,4108;0,9099;0,998
1.096868615;-0,0026;0,4091;0,9020;0,990
1.099421923;-0,0024;0,4098;0,8940;0,983
1.101945846;0,0023;0,4101;0,8915;0,981
1.104426231;0,0053;0,4069;0,8913;0,980
1.107121538;0,0080;0,4071;0,8915;0,980
1.110010231;0,0080;0,4061;0,8962;0,984
1.112531692;0,0094;0,4049;0,9023;0,989
1.114664692;0,0127;0,4020;0,9087;0,994
1.117094231;0,0162;0,4003;0,9178;1,001
1.119791077;0,0146;0,3973;0,9206;1,003
1.122353846;0,0162;0,3966;0,9238;1,005
1.124745615;0,0173;0,3979;0,9278;1,010
1.127292077;0,0185;0,3966;0,9363;1,017
1.129824077;0,0187;0,3956;0,9444;1,024
1.132210846;0,0185;0,3933;0,9514;1,030
1.135149846;0,0178;0,3910;0,9600;1,037
1.139840077;0,0165;0,3868;0,9675;1,042
1.140616692;0,0141;0,3837;0,9742;1,047
1.142760077;0,0099;0,3822;0,9803;1,052
1.144910461;0,0102;0,3812;0,9859;1,057
1.148037923;0,0080;0,3810;0,9859;1,057
1.149903461;0,0067;0,3822;0,9835;1,055
1.152390846;0,0013;0,3830;0,9822;1,054
1.155008615;-0,0012;0,3844;0,9803;1,053
1.157357615;-0,0073;0,3864;0,9770;1,051
1.160053231;-0,0114;0,3881;0,9712;1,046
1.162561615;-0,0130;0,3884;0,9683;1,043
1.164797615;-0,0149;0,3903;0,9619;1,038
1.167542154;-0,0151;0,3898;0,9509;1,028
1.169925;-0,0142;0,3879;0,9451;1,022
1.176896308;-0,0122;0,3849;0,9370;1,013
1.177771384;-0,0130;0,3854;0,9309;1,008
1.178270461;-0,0127;0,3842;0,9243;1,001
1.180150846;-0,0132;0,3840;0,9218;0,999
1.182942769;-0,0135;0,3856;0,9150;0,993
1.185133923;-0,0132;0,3871;0,9124;0,991
1.187485;-0,0100;0,3849;0,9041;0,983
1.198432;-0,0061;0,3854;0,9036;0,982
1.198888308;-0,0056;0,3852;0,9004;0,979
1.199122846;-0,0054;0,3879;0,8987;0,979
1.199447077;-0,0032;0,3876;0,9011;0,981
1.199934538;-0,0037;0,3898;0,9031;0,984
1.202872308;-0,0032;0,3912;0,9043;0,985
1.205524308;-0,0019;0,3912;0,9075;0,988
1.207646538;-0,0039;0,3900;0,9089;0,989
1.210087384;-0,0030;0,3900;0,9080;0,988
1.212631769;-0,0014;0,3930;0,9045;0,986
1.215207692;0,0009;0,3928;0,9011;0,983
1.217850231;0,0034;0,3928;0,8969;0,979
1.220016;0,0046;0,3940;0,8972;0,980
1.223377231;0,0043;0,3937;0,8967;0,979
1.225154846;0,0038;0,3923;0,8960;0,978
1.227976923;0,0018;0,3928;0,8962;0,979
1.230401538;0,0016;0,3952;0,8923;0,976
1.232869;0,0026;0,3954;0,8906;0,974
1.235553308;0,0029;0,3966;0,8880;0,973
1.238497308;0,0069;0,3986;0,8845;0,970
1.240582538;0,0102;0,4022;0,8791;0,967
1.243263769;0,0127;0,4017;0,8750;0,963
1.245786538;0,0141;0,3998;0,8728;0,960
1.248165615;0,0134;0,3996;0,8698;0,957
1.250728308;0,0114;0,4005;0,8664;0,955
1.253289846;0,0106;0,4015;0,8654;0,954
1.257234231;0,0075;0,4030;0,8649;0,954
1.258140923;0,0078;0,4022;0,8630;0,952
1.260662769;0,0065;0,3998;0,8598;0,948
1.263029846;0,0075;0,3979;0,8591;0,947
1.265814154;0,0069;0,3971;0,8581;0,946
1.268326231;0,0069;0,3947;0,8603;0,947
1.270999077;0,0031;0,3952;0,8652;0,951
1.274263769;-0,0010;0,3952;0,8686;0,954
1.275917;-0,0091;0,3991;0,8735;0,960
1.278175769;-0,0103;0,4003;0,8794;0,966
1.280556;-0,0130;0,4010;0,8867;0,973
1.283323154;-0,0119;0,4052;0,8925;0,980
1.285925308;-0,0119;0,4079;0,8984;0,987
1.288524077;-0,0122;0,4101;0,9055;0,994
1.298827692;-0,0103;0,4135;0,9097;0,999
1.300389;-0,0098;0,4169;0,9148;1,005
1.301120308;-0,0107;0,4203;0,9182;1,010
1.301899077;-0,0119;0,4215;0,9214;1,013
1.302397;-0,0122;0,4255;0,9272;1,020
1.303528615;-0,0117;0,4318;0,9326;1,028
1.308746846;-0,0117;0,4374;0,9388;1,036
1.309190461;-0,0091;0,4425;0,9427;1,041
1.310871461;-0,0103;0,4462;0,9441;1,044
1.313464077;-0,0107;0,4485;0,9468;1,048
1.316015692;-0,0112;0,4516;0,9473;1,049
1.318674846;-0,0119;0,4536;0,9476;1,051
1.320911077;-0,0122;0,4567;0,9504;1,055
1.323857923;-0,0151;0,4606;0,9521;1,058
1.326252615;-0,0156;0,4627;0,9568;1,063
1.328548692;-0,0151;0,4638;0,9578;1,064
1.331042231;-0,0149;0,4641;0,9588;1,065
1.333841846;-0,0142;0,4648;0,9612;1,068
1.336341308;-0,0149;0,4683;0,9602;1,068
1.338615154;-0,0137;0,4707;0,9605;1,070
1.341540692;-0,0127;0,4723;0,9617;1,072
1.343740692;-0,0135;0,4709;0,9590;1,068
1.346114461;-0,0149;0,4709;0,9532;1,063
1.348764692;-0,0159;0,4709;0,9465;1,057
1.351777615;-0,0154;0,4723;0,9392;1,051
1.354006846;-0,0127;0,4699;0,9343;1,046
1.3575;-0,0088;0,4704;0,9297;1,042
1.359088923;-0,0049;0,4707;0,9272;1,040
1.361635692;-0,0046;0,4697;0,9243;1,037
1.363849;-0,0068;0,4662;0,9216;1,033
1.366497308;-0,0107;0,4650;0,9258;1,036
1.368992077;-0,0142;0,4606;0,9267;1,035
1.371428923;-0,0132;0,4599;0,9292;1,037
1.374452923;-0,0149;0,4569;0,9339;1,040
1.376532384;-0,0156;0,4557;0,9367;1,042
1.378963769;-0,0147;0,4565;0,9407;1,046
1.381543769;-0,0110;0,4594;0,9411;1,047
1.384362154;-0,0098;0,4599;0,9407;1,047
1.386651384;-0,0081;0,4614;0,9380;1,045
1.397719077;-0,0068;0,4685;0,9351;1,046
1.399321;-0,0058;0,4714;0,9302;1,043
1.400319692;-0,0042;0,4721;0,9221;1,036
1.401426461;-0,0007;0,4795;0,9141;1,032
1.402221;0,0016;0,4846;0,9057;1,027
1.402487384;0,0050;0,4865;0,8992;1,022
1.404287154;0,0058;0,4892;0,8955;1,020
1.413616;0,0041;0,4941;0,8940;1,021
1.414075769;0,0023;0,4965;0,8903;1,019
1.414436384;0,0004;0,4995;0,8901;1,021
1.414802231;-0,0014;0,5017;0,8908;1,022
1.416678846;-0,0019;0,5039;0,8896;1,022
1.419221615;-0,0034;0,5046;0,8889;1,022
1.422245308;-0,0032;0,5034;0,8871;1,020
1.424689538;-0,0034;0,5025;0,8882;1,020
1.426837231;-0,0017;0,5014;0,8855;1,018
1.429151077;-0,0014;0,5027;0,8852;1,018
1.431772692;-0,0005;0,5005;0,8869;1,018
1.434223154;-0,0007;0,4997;0,8894;1,020
1.436607077;-0,0034;0,4985;0,8945;1,024
1.439589;-0,0032;0,4963;0,8996;1,027
1.441799077;-0,0010;0,4968;0,9094;1,036
1.444291461;-0,0042;0,5007;0,9143;1,042
1.446734846;-0,0030;0,5056;0,9221;1,052
1.449257308;-0,0017;0,5042;0,9331;1,061
1.452063461;-0,0037;0,5056;0,9409;1,068
1.455143461;-0,0081;0,5068;0,9488;1,076
1.458396;-0,0100;0,5037;0,9537;1,079
1.459975077;-0,0137;0,5002;0,9588;1,081
1.462111154;-0,0149;0,4973;0,9595;1,081
1.464531769;-0,0159;0,4937;0,9621;1,082
1.467075769;-0,0139;0,4875;0,9649;1,081
1.469550231;-0,0149;0,4839;0,9698;1,084
1.472097;-0,0163;0,4811;0,9707;1,084
1.475332692;-0,0166;0,4780;0,9749;1,086
1.477136615;-0,0151;0,4741;0,9807;1,089
1.479597846;-0,0144;0,4723;0,9876;1,095
1.482105923;-0,0135;0,4711;0,9907;1,097
1.484644384;-0,0122;0,4721;0,9940;1,100
1.487893538;-0,0105;0,4736;0,9932;1,100
1.497948923;-0,0042;0,4736;0,9937;1,101
1.499432615;0,0009;0,4772;0,9907;1,100
1.500387384;0,0046;0,4836;0,9859;1,098
1.500983154;0,0102;0,4902;0,9788;1,095
1.501974769;0,0111;0,4976;0,9690;1,089
1.502741538;0,0082;0,5007;0,9632;1,086
1.504821615;0,0097;0,5058;0,9583;1,084
1.508918461;0,0085;0,5124;0,9534;1,082
1.510259769;0,0065;0,5191;0,9460;1,079
1.512164384;0,0058;0,5251;0,9385;1,075
1.514662769;0,0072;0,5300;0,9323;1,072
1.517348692;0,0092;0,5315;0,9283;1,070
1.519811077;0,0085;0,5356;0,9211;1,066
1.523444308;0,0080;0,5356;0,9185;1,063
1.524965308;0,0065;0,5364;0,9143;1,060
1.527341923;0,0041;0,5328;0,9153;1,059
1.529975461;0,0026;0,5298;0,9153;1,058
1.532431692;0,0011;0,5268;0,9167;1,057
1.534834846;-0,0012;0,5239;0,9173;1,056
1.537252308;0,0011;0,5179;0,9180;1,054
1.540073846;0,0038;0,5130;0,9194;1,053
1.542789923;0,0023;0,5058;0,9197;1,050
1.545341923;0,0048;0,4985;0,9180;1,045
1.547770231;0,0058;0,4973;0,9169;1,043
1.551621;0,0036;0,4997;0,9180;1,045
1.552364615;0,0016;0,5007;0,9173;1,045
1.555067077;0,0006;0,4988;0,9148;1,042
1.557911769;0,0009;0,5000;0,9092;1,038
1.560156384;0,0029;0,5005;0,9064;1,035
1.562737231;0,0053;0,5039;0,9026;1,034
1.564947769;0,0111;0,5090;0,8957;1,030
1.567725923;0,0160;0,5144;0,8903;1,028
1.570236077;0,0211;0,5183;0,8850;1,026
1.576960923;0,0207;0,5235;0,8815;1,025
1.577795692;0,0187;0,5276;0,8784;1,025
1.578258461;0,0155;0,5307;0,8777;1,026
1.580388384;0,0150;0,5330;0,8799;1,029
1.582925538;0,0136;0,5359;0,8838;1,034
1.585356923;0,0139;0,5398;0,8915;1,042
1.587873923;0,0131;0,5417;0,8925;1,044
1.597340077;0,0114;0,5437;0,8943;1,047
1.598028077;0,0106;0,5398;0,8928;1,043
1.598436077;0,0069;0,5371;0,8962;1,045
1.598824308;0,0013;0,5368;0,8962;1,045
1.600362538;-0,0024;0,5347;0,9008;1,048
1.603154538;-0,0066;0,5315;0,9053;1,050
1.605731461;-0,0110;0,5293;0,9134;1,056
1.608645538;-0,0144;0,5227;0,9169;1,056
1.610558538;-0,0176;0,5166;0,9174;1,053
1.613165923;-0,0203;0,5083;0,9169;1,049
1.615722538;-0,0205;0,5044;0,9185;1,048
1.618470769;-0,0232;0,5021;0,9167;1,046
1.620477308;-0,0228;0,5019;0,9173;1,046
1.623880077;-0,0252;0,5042;0,9190;1,049
1.626323769;-0,0266;0,5070;0,9204;1,051
1.628020384;-0,0281;0,5083;0,9214;1,053
1.630613846;-0,0293;0,5086;0,9227;1,054
1.633125615;-0,0296;0,5123;0,9223;1,055
1.635864615;-0,0256;0,5179;0,9238;1,059
1.638243154;-0,0264;0,5276;0,9202;1,061
1.640979077;-0,0244;0,5356;0,9157;1,061
1.643365615;-0,0228;0,5403;0,9094;1,058
1.645760692;-0,0254;0,5481;0,9064;1,060
1.648200692;-0,0305;0,5569;0,9036;1,062
1.651043077;-0,0359;0,5662;0,9038;1,067
1.653296;-0,0391;0,5755;0,9041;1,072
1.657153923;-0,0398;0,5840;0,9075;1,080
1.658955077;-0,0398;0,5920;0,9077;1,084
1.660829538;-0,0377;0,5972;0,9033;1,084
1.663265;-0,0361;0,5999;0,8987;1,081
1.665914538;-0,0328;0,6018;0,8911;1,076
1.668438231;-0,0349;0,6004;0,8859;1,071
1.670748384;-0,0330;0,6001;0,8791;1,065
1.674079461;-0,0354;0,6041;0,8782;1,066
1.676121923;-0,0377;0,6067;0,8818;1,071
1.678476615;-0,0391;0,6087;0,8887;1,078
1.681112692;-0,0430;0,6065;0,8943;1,081
1.683508923;-0,0461;0,6021;0,9008;1,085
1.686206231;-0,0479;0,5982;0,9080;1,088
1.688727154;-0,0466;0,5977;0,9099;1,090
1.694528692;-0,0445;0,5962;0,9131;1,091
1.695933923;-0,0428;0,5974;0,9124;1,091
1.696818154;-0,0417;0,6016;0,9167;1,097
1.698709231;-0,0430;0,6041;0,9214;1,103
1.701149308;-0,0438;0,6053;0,9243;1,106
1.703620692;-0,0442;0,6078;0,9285;1,111
1.708408692;-0,0408;0,6087;0,9299;1,112
1.708885;-0,0389;0,6097;0,9283;1,111
1.711529;-0,0315;0,6136;0,9248;1,110
1.713495154;-0,0266;0,6153;0,9238;1,110
1.716161308;-0,0242;0,6190;0,9243;1,113
1.718799384;-0,0247;0,6192;0,9243;1,113
1.721095692;-0,0259;0,6236;0,9227;1,114
1.724032077;-0,0244;0,6285;0,9243;1,118
1.726342461;-0,0300;0,6351;0,9265;1,124
1.728792384;-0,0323;0,6424;0,9250;1,127
1.731408384;-0,0330;0,6493;0,9250;1,131
1.734112;-0,0315;0,6554;0,9278;1,136
1.736632;-0,0296;0,6598;0,9285;1,139
1.740582461;-0,0303;0,6630;0,9316;1,144
1.742263692;-0,0293;0,6666;0,9343;1,148
1.744067384;-0,0252;0,6719;0,9321;1,149
1.746474769;-0,0249;0,6803;0,9336;1,155
1.748825308;-0,0261;0,6871;0,9367;1,162
1.751428077;-0,0293;0,6937;0,9421;1,170
1.754069846;-0,0323;0,6977;0,9458;1,176
1.756360384;-0,0354;0,6977;0,9483;1,178
1.759294538;-0,0335;0,6915;0,9512;1,177
1.761937923;-0,0317;0,6854;0,9553;1,176
1.764004923;-0,0333;0,6779;0,9595;1,175
1.766623692;-0,0308;0,6719;0,9634;1,175
1.769104615;-0,0310;0,6649;0,9644;1,172
1.771472077;-0,0315;0,6600;0,9663;1,171
1.774369;-0,0324;0,6525;0,9714;1,171
1.776860384;-0,0345;0,6461;0,9742;1,169
1.779430769;-0,0364;0,6370;0,9795;1,169
1.781911154;-0,0368;0,6292;0,9835;1,168
1.784150846;-0,0352;0,6214;0,9888;1,168
1.786681846;-0,0337;0,6173;0,9942;1,171
1.793028308;-0,0320;0,6129;0,9986;1,172
1.793916692;-0,0274;0,6148;1,0003;1,174
1.794425231;-0,0230;0,6180;0,9981;1,174
1.796771384;-0,0161;0,6219;0,9961;1,174
1.799691769;-0,0107;0,6329;0,9947;1,179
1.801709846;-0,0107;0,6453;0,9866;1,179
1.804242538;-0,0119;0,6581;0,9754;1,177
1.807383154;-0,0142;0,6730;0,9642;1,176
1.809416615;-0,0119;0,6842;0,9568;1,176
1.812005231;-0,0114;0,6933;0,9495;1,176
1.814499385;-0,0081;0,6959;0,9411;1,171
1.816960692;-0,0054;0,7010;0,9346;1,168
1.819572308;-0,0014;0,6991;0,9290;1,163
1.821973615;0,0062;0,6964;0,9229;1,156
1.824746231;0,0106;0,6945;0,9157;1,149
1.827306231;0,0111;0,6903;0,9106;1,143
1.829739385;0,0097;0,6924;0,9018;1,137
1.831910538;0,0043;0,6923;0,8967;1,133
1.834743461;0,0006;0,6928;0,8911;1,129
1.837015077;-0,0007;0,6928;0,8855;1,124
1.840000077;0,0000;0,6881;0,8826;1,119
1.842092077;0,0029;0,6835;0,8762;1,111
1.844474154;0,0078;0,6766;0,8742;1,105
1.847033308;0,0173;0,6688;0,8723;1,099
1.849894769;0,0260;0,6635;0,8728;1,097
1.852354154;0,0314;0,6574;0,8764;1,096
1.857580077;0,0356;0,6519;0,8775;1,094
1.859236692;0,0388;0,6488;0,8779;1,092
1.860221846;0,0368;0,6385;0,8726;1,082
1.862877615;0,0332;0,6316;0,8666;1,073
1.864808077;0,0295;0,6219;0,8628;1,064
1.867408077;0,0297;0,6155;0,8568;1,055
1.869877538;0,0304;0,6090;0,8496;1,046
1.874088077;0,0348;0,5994;0,8437;1,036
1.875683769;0,0393;0,5894;0,8400;1,027
1.877452692;0,0493;0,5767;0,8368;1,018
1.879768385;0,0544;0,5625;0,8349;1,008
1.882651692;0,0607;0,5496;0,8351;1,002
1.885002231;0,0647;0,5344;0,8361;0,994
1.887239077;0,0654;0,5242;0,8347;0,988
1.897786538;0,0654;0,5142;0,8325;0,981
1.899255154;0,0626;0,5063;0,8298;0,974
1.900248077;0,0610;0,5025;0,8258;0,969
1.900721846;0,0574;0,4981;0,8239;0,964
1.901133231;0,0563;0,4951;0,8200;0,960
1.902576692;0,0576;0,4934;0,8149;0,954
1.904931077;0,0590;0,4875;0,8100;0,947
1.914997846;0,0576;0,4802;0,8058;0,940
1.915486154;0,0574;0,4788;0,8004;0,934
1.915719461;0,0549;0,4683;0,7936;0,923
1.915935692;0,0519;0,4604;0,7880;0,914
1.917741538;0,0488;0,4526;0,7829;0,906
1.920231769;0,0456;0,4438;0,7743;0,894
1.923695692;0,0421;0,4357;0,7685;0,884
1.925069615;0,0429;0,4255;0,7616;0,873
1.927471154;0,0421;0,4182;0,7541;0,863
1.930131769;0,0414;0,4076;0,7477;0,853
1.932437308;0,0427;0,3998;0,7450;0,847
1.934991077;0,0446;0,3928;0,7436;0,842
1.937533923;0,0468;0,3856;0,7440;0,839
1.940047154;0,0465;0,3773;0,7415;0,833
1.943174538;0,0476;0,3717;0,7438;0,833
1.945225538;0,0446;0,3642;0,7443;0,830
1.947946231;0,0441;0,3590;0,7438;0,827
1.950775769;0,0437;0,3476;0,7480;0,826
1.953175154;0,0400;0,3375;0,7506;0,824
1.957182538;0,0368;0,3307;0,7564;0,826
1.958391077;0,0311;0,3231;0,7624;0,829
1.960648692;0,0292;0,3129;0,7692;0,831
1.963146154;0,0258;0,3029;0,7795;0,837
1.965728385;0,0234;0,2864;0,7963;0,847
1.968089615;0,0227;0,2701;0,8153;0,859
1.970725308;0,0246;0,2537;0,8330;0,871
1.973168385;0,0253;0,2396;0,8542;0,888
1.975749231;0,0239;0,2270;0,8745;0,904
1.978191769;0,0229;0,2132;0,8967;0,922
1.980399077;0,0255;0,1995;0,9185;0,940
1.983146538;0,0248;0,1897;0,9385;0,958
1.985678461;0,0190;0,1762;0,9570;0,973
1.988301846;0,0160;0,1682;0,9695;0,984
1.993601615;0,0153;0,1601;0,9807;0,994
1.994363385;0,0136;0,1513;0,9886;1,000
1.995782461;0,0094;0,1452;0,9917;1,002
1.998251692;0,0090;0,1411;0,9937;1,004
2.000811077;0,0050;0,1357;0,9949;1,004
2.003271154;0,0048;0,1308;0,9924;1,001
2.016114231;0,0023;0,1266;0,9881;0,996
2.017075385;-0,0012;0,1235;0,9783;0,986
2.017582769;-0,0054;0,1226;0,9630;0,971
2.017911769;-0,0091;0,1206;0,9514;0,959
2.018195461;-0,0119;0,1218;0,9429;0,951
2.018451769;-0,0147;0,1231;0,9355;0,944
2.020765231;-0,0163;0,1243;0,9295;0,938
2.023435692;-0,0186;0,1238;0,9216;0,930
2.026135461;-0,0198;0,1245;0,9094;0,918
2.028215769;-0,0228;0,1215;0,9006;0,909
2.030946846;-0,0293;0,1220;0,8889;0,898
2.033185846;-0,0354;0,1223;0,8764;0,886
2.036082231;-0,0403;0,1228;0,8622;0,872
2.038734231;-0,0454;0,1210;0,8508;0,861
2.041080077;-0,0513;0,1223;0,8419;0,852
2.043924385;-0,0554;0,1231;0,8327;0,844
2.046173923;-0,0603;0,1233;0,8266;0,838
2.048281846;-0,0669;0,1215;0,8198;0,831
2.051079154;-0,0715;0,1179;0,8149;0,826
2.053379077;-0,0731;0,1128;0,8132;0,824
2.056306846;-0,0728;0,1052;0,8158;0,826
2.058685308;-0,0736;0,0961;0,8279;0,837
2.061058769;-0,0750;0,0876;0,8432;0,851
2.063549615;-0,0776;0,0839;0,8661;0,874
2.066289538;-0,0823;0,0776;0,8972;0,904
2.069015385;-0,0936;0,0766;0,9278;0,936
2.071245;-0,1470;0,1066;0,9621;0,979
2.074377231;-0,1740;0,1177;0,9732;0,996
2.076343385;-0,1334;0,1196;1,0215;1,037
2.078976615;-0,1236;0,1047;1,0523;1,065
2.081433923;-0,1197;0,0810;1,0765;1,086
2.083890231;-0,1260;0,0619;1,0951;1,104
2.086607154;-0,1417;0,0549;1,1037;1,114
2.098486538;-0,1524;0,0565;1,1181;1,130
2.100117615;-0,1659;0,0683;1,1305;1,145
2.101446769;-0,1749;0,0830;1,1447;1,161
2.101825231;-0,1805;0,0940;1,1537;1,171
2.102051769;-0,1835;0,1012;1,1598;1,179
2.102258769;-0,1812;0,1073;1,1601;1,179
2.103878461;-0,1779;0,1105;1,1542;1,173
2.111598769;-0,1784;0,1145;1,1437;1,163
2.112072308;-0,1744;0,1171;1,1303;1,150
2.112319461;-0,1635;0,1174;1,1193;1,137
2.114448077;-0,1581;0,1166;1,1074;1,125
2.116486461;-0,1510;0,1191;1,0970;1,114
2.119003692;-0,1470;0,1186;1,0860;1,102
2.121345923;-0,1417;0,1220;1,0748;1,091
2.124207385;-0,1412;0,1279;1,0626;1,079
2.126641923;-0,1376;0,1340;1,0516;1,069
2.128968923;-0,1358;0,1455;1,0394;1,058
2.131531077;-0,1346;0,1565;1,0289;1,049
2.134512;-0,1304;0,1690;1,0122;1,034
2.136756;-0,1297;0,1804;0,9973;1,022
2.140259692;-0,1236;0,1878;0,9837;1,009
2.141810461;-0,1195;0,1958;0,9683;0,995
2.144294231;-0,1209;0,2093;0,9537;0,984
2.146764385;-0,1192;0,2202;0,9419;0,975
2.149579692;-0,1216;0,2363;0,9311;0,968
2.151773615;-0,1214;0,2530;0,9218;0,964
2.154529308;-0,1153;0,2650;0,9160;0,961
2.157303769;-0,1095;0,2738;0,9113;0,958
2.159434846;-0,1034;0,2771;0,9072;0,954
2.161670461;-0,0994;0,2789;0,9038;0,951
2.164328923;-0,0931;0,2806;0,9031;0,950
2.166920308;-0,0869;0,2859;0,9029;0,951
2.169324;-0,0808;0,2901;0,9031;0,952
2.172105308;-0,0743;0,2967;0,9029;0,953
2.174891385;-0,0706;0,3023;0,9080;0,960
2.177019692;-0,0657;0,3106;0,9116;0,965
2.179521308;-0,0606;0,3174;0,9180;0,973
2.181905231;-0,0582;0,3227;0,9231;0,980
2.184569846;-0,0562;0,3292;0,9272;0,986
2.187360615;-0,0520;0,3332;0,9321;0,991
2.197398538;-0,0506;0,3367;0,9343;0,994
2.198773308;-0,0482;0,3395;0,9416;1,002
2.199710231;-0,0438;0,3427;0,9483;1,009
2.200533846;-0,0377;0,3446;0,9544;1,015
2.200922231;-0,0342;0,3512;0,9609;1,024
2.201854461;-0,0324;0,3578;0,9678;1,032
2.204598846;-0,0303;0,3654;0,9732;1,040
2.210106154;-0,0268;0,3705;0,9812;1,049
2.210587461;-0,0222;0,3788;0,9900;1,060
2.212640308;-0,0181;0,3854;0,9981;1,070
2.214855077;-0,0161;0,3893;1,0086;1,081
2.217681615;-0,0098;0,3989;1,0135;1,089
2.219751692;-0,0058;0,4059;1,0266;1,104
2.223997231;-0,0061;0,4162;1,0347;1,115
2.22566;-0,0056;0,4233;1,0440;1,127
2.227346231;0,0082;0,4223;1,0618;1,143
2.229832077;0,0097;0,4240;1,0727;1,153
2.232741846;0,0018;0,4303;1,0790;1,162
2.234987692;-0,0042;0,4425;1,0860;1,173
2.237658231;-0,0051;0,4543;1,0963;1,187
2.240484615;-0,0070;0,4658;1,1056;1,200
2.242483154;-0,0088;0,4711;1,1095;1,205
2.244881615;-0,0100;0,4743;1,1121;1,209
2.247347385;-0,0086;0,4765;1,1161;1,214
2.249933538;-0,0070;0,4780;1,1214;1,219
2.252346769;-0,0068;0,4783;1,1247;1,222
2.254953615;-0,0086;0,4807;1,1258;1,224
2.258029;-0,0075;0,4846;1,1303;1,230
2.260078231;-0,0086;0,4868;1,1337;1,234
2.262343077;-0,0112;0,4937;1,1371;1,240
2.264913308;-0,0127;0,4951;1,1371;1,240
2.267568385;-0,0127;0,4968;1,1393;1,243
2.270140077;-0,0107;0,4953;1,1432;1,246
2.273987154;-0,0107;0,4934;1,1510;1,252
2.27558;-0,0103;0,4892;1,1603;1,259
2.277691077;-0,0119;0,4902;1,1659;1,265
2.280226846;-0,0105;0,4912;1,1766;1,275
2.282744077;-0,0100;0,4924;1,1899;1,288
2.285122461;-0,0124;0,4973;1,2038;1,302
2.287657923;-0,0135;0,5044;1,2162;1,317
2.297687461;-0,0144;0,5086;1,2295;1,331
2.299115461;-0,0142;0,5134;1,2419;1,344
2.300088;-0,0098;0,5170;1,2514;1,354
2.300798154;-0,0063;0,5205;1,2581;1,361
2.301139461;-0,0042;0,5268;1,2639;1,369
2.302489846;-0,0007;0,5300;1,2675;1,374
2.315368692;-0,0042;0,5342;1,2681;1,376
2.316160923;-0,0039;0,5377;1,2686;1,378
2.316580077;-0,0044;0,5412;1,2722;1,383
2.316943692;-0,0026;0,5410;1,2710;1,381
2.317166846;-0,0005;0,5403;1,2679;1,378
2.318007154;0,0034;0,5423;1,2607;1,372
2.320313;0,0038;0,5440;1,2516;1,365
2.322923077;0,0062;0,5471;1,2414;1,357
2.325691692;0,0043;0,5473;1,2304;1,347
2.328027692;0,0060;0,5515;1,2187;1,338
2.330392077;0,0072;0,5503;1,2033;1,323
2.332785231;0,0082;0,5533;1,1931;1,315
2.335701615;0,0111;0,5542;1,1813;1,305
2.337877308;0,0106;0,5542;1,1703;1,295
2.340653231;0,0136;0,5542;1,1610;1,287
2.34288;0,0131;0,5557;1,1468;1,274
2.345506461;0,0116;0,5569;1,1303;1,260
2.347974538;0,0053;0,5552;1,1156;1,246
2.350662538;0,0026;0,5540;1,0997;1,231
2.353075461;-0,0010;0,5520;1,0839;1,216
2.357124692;-0,0046;0,5540;1,0678;1,203
2.358801308;-0,0063;0,5515;1,0538;1,189
2.360824077;-0,0107;0,5471;1,0404;1,176
2.363651692;-0,0176;0,5435;1,0284;1,163
2.365956923;-0,0256;0,5379;1,0194;1,153
2.367988385;-0,0337;0,5325;1,0110;1,143
2.370676615;-0,0410;0,5273;1,0052;1,136
2.373496692;-0,0447;0,5266;1,0003;1,131
2.375743769;-0,0471;0,5239;0,9937;1,124
2.378417;-0,0513;0,5205;0,9868;1,117
2.380814846;-0,0557;0,5188;0,9791;1,109
2.383349615;-0,0557;0,5198;0,9756;1,107
2.385850231;-0,0584;0,5195;0,9675;1,100
2.388348308;-0,0599;0,5193;0,9617;1,095
2.393336077;-0,0633;0,5144;0,9551;1,087
2.394133231;-0,0611;0,5107;0,9504;1,081
2.396218846;-0,0550;0,5090;0,9453;1,075
2.398558769;-0,0503;0,5044;0,9421;1,070
2.401125615;-0,0562;0,5021;0,9370;1,065
2.40336;-0,0628;0,4963;0,9318;1,058
2.407391077;-0,0650;0,4878;0,9290;1,051
2.408742154;-0,0618;0,4792;0,9246;1,043
2.410885231;-0,0587;0,4709;0,9185;1,034
2.413399769;-0,0554;0,4621;0,9129;1,025
2.416030538;-0,0506;0,4538;0,9041;1,013
2.418387154;-0,0422;0,4448;0,8994;1,004
2.420736;-0,0333;0,4373;0,8925;0,994
2.423401231;-0,0268;0,4287;0,8855;0,984
2.425928615;-0,0212;0,4226;0,8826;0,979
2.428515077;-0,0181;0,4164;0,8796;0,973
2.430935154;-0,0139;0,4076;0,8723;0,963
2.433557538;-0,0107;0,4001;0,8630;0,951
2.436120308;0,0004;0,3949;0,8573;0,944
2.439557231;-0,0019;0,3905;0,8488;0,934
2.441121923;-0,0044;0,3861;0,8466;0,931
2.443682461;-0,0037;0,3835;0,8454;0,928
2.446217231;-0,0042;0,3800;0,8400;0,922
2.448875385;-0,0024;0,3784;0,8344;0,916
2.451349231;-0,0012;0,3756;0,8339;0,915
2.453923077;0,0011;0,3691;0,8337;0,912
2.457328923;0,0001;0,3695;0,8354;0,913
2.459515077;0,0016;0,3688;0,8361;0,914
2.461151385;0,0018;0,3673;0,8354;0,913
2.463917308;-0,0014;0,3649;0,8368;0,913
2.466661615;-0,0014;0,3605;0,8361;0,911
2.468748385;-0,0026;0,3583;0,8368;0,910
2.471381615;-0,0061;0,3530;0,8398;0,911
2.474151385;-0,0044;0,3517;0,8415;0,912
2.476514538;-0,0075;0,3460;0,8461;0,914
2.479306231;-0,0081;0,3460;0,8473;0,915
2.481524385;-0,0112;0,3439;0,8473;0,915
2.483963461;-0,0161;0,3414;0,8496;0,916
2.486529846;-0,0217;0,3383;0,8496;0,915
2.493858154;-0,0281;0,3397;0,8491;0,915
2.495343077;-0,0340;0,3372;0,8456;0,911
2.496292308;-0,0361;0,3344;0,8437;0,908
2.497118154;-0,0366;0,3307;0,8403;0,904
2.499353846;-0,0377;0,3321;0,8349;0,899
2.501474538;-0,0398;0,3332;0,8347;0,900
2.504128615;-0,0413;0,3319;0,8319;0,897
2.509166769;-0,0420;0,3302;0,8327;0,897
2.510036308;-0,0438;0,3287;0,8339;0,897
2.512157846;-0,0452;0,3248;0,8339;0,896
2.514132923;-0,0452;0,3162;0,8371;0,896
2.516720615;-0,0457;0,3129;0,8393;0,897
2.519272923;-0,0433;0,3072;0,8454;0,901
2.522038231;-0,0420;0,3043;0,8512;0,905
2.524465231;-0,0410;0,2969;0,8549;0,906
2.526911077;-0,0401;0,2913;0,8571;0,906
2.529311769;-0,0377;0,2867;0,8610;0,908
2.532023461;-0,0368;0,2806;0,8649;0,910
2.534520615;-0,0330;0,2740;0,8659;0,909
2.536803692;-0,0312;0,2669;0,8691;0,910
2.539668923;-0,0264;0,2640;0,8710;0,911
2.542005538;-0,0217;0,2608;0,8710;0,909
2.544157615;-0,0198;0,2569;0,8701;0,907
2.546955461;-0,0184;0,2533;0,8720;0,908
2.549320923;-0,0176;0,2498;0,8766;0,912
2.551901538;-0,0166;0,2477;0,8769;0,911
2.554290231;-0,0105;0,2449;0,8759;0,910
2.556916385;-0,0073;0,2435;0,8782;0,911
2.559610846;0,0000;0,2454;0,8801;0,914
2.562168385;0,0034;0,2510;0,8803;0,915
2.564549846;0,0329;0,2820;0,8794;0,924
2.567083692;0,0178;0,2728;0,8754;0,917
2.569672923;-0,0249;0,2473;0,8982;0,932
2.576422461;-0,0364;0,2396;0,9069;0,939
2.577258538;-0,0408;0,2363;0,9004;0,932
2.577734538;-0,0381;0,2412;0,8903;0,923
2.579741308;-0,0389;0,2520;0,8857;0,922
2.582510231;-0,0496;0,2615;0,8859;0,925
2.584725308;-0,0571;0,2740;0,8931;0,936
2.587095692;-0,0631;0,2850;0,9006;0,947
2.599948692;-0,0652;0,2992;0,8994;0,950
2.600489923;-0,0633;0,3109;0,8960;0,951
2.600798231;-0,0587;0,3223;0,8915;0,950
2.601168077;-0,0564;0,3276;0,8835;0,944
2.601582231;-0,0554;0,3326;0,8752;0,938
2.602044;-0,0547;0,3380;0,8752;0,940
2.604590538;-0,0533;0,3404;0,8696;0,935
2.607280692;-0,0520;0,3476;0,8682;0,937
2.609870538;-0,0531;0,3546;0,8640;0,935
2.613035385;-0,0547;0,3621;0,8638;0,938
2.614904923;-0,0545;0,3651;0,8610;0,937
2.617440923;-0,0515;0,3693;0,8589;0,936
2.619775461;-0,0486;0,3717;0,8603;0,938
2.622956077;-0,0428;0,3727;0,8645;0,942
2.625039154;-0,0368;0,3754;0,8674;0,946
2.627600692;-0,0330;0,3805;0,8745;0,954
2.630105615;-0,0303;0,3849;0,8815;0,962
2.632365846;-0,0293;0,3893;0,8864;0,969
2.634985;-0,0312;0,3937;0,8908;0,974
2.637140923;-0,0279;0,3959;0,8972;0,981
2.639976615;-0,0277;0,3956;0,9045;0,988
2.642366231;-0,0281;0,3961;0,9080;0,991
2.644882769;-0,0296;0,3945;0,9124;0,994
2.647570461;-0,0320;0,3940;0,9160;0,998
2.649977846;-0,0335;0,3886;0,9197;0,999
2.652600692;-0,0308;0,3840;0,9218;0,999
2.656588308;-0,0277;0,3768;0,9243;0,999
2.657936;-0,0252;0,3712;0,9285;1,000
2.660292385;-0,0205;0,3658;0,9343;1,004
2.662997615;-0,0179;0,3632;0,9407;1,009
2.664977308;-0,0159;0,3605;0,9458;1,012
2.667966769;-0,0095;0,3570;0,9539;1,019
2.670413846;-0,0066;0,3551;0,9639;1,027
2.673263692;-0,0026;0,3530;0,9717;1,034
2.675459077;0,0006;0,3509;0,9812;1,042
2.678248385;-0,0019;0,3519;0,9849;1,046
2.680403385;-0,0049;0,3549;0,9942;1,056
2.682974538;-0,0093;0,3576;1,0015;1,063
2.685600077;-0,0168;0,3610;1,0108;1,073
2.687871692;-0,0235;0,3656;1,0184;1,082
2.698406846;-0,0291;0,3691;1,0242;1,089
2.699983461;-0,0323;0,3717;1,0301;1,096
2.700878769;-0,0373;0,3742;1,0320;1,098
2.701338769;-0,0457;0,3788;1,0389;1,107
2.701773308;-0,0528;0,3815;1,0440;1,113
2.702876615;-0,0562;0,3835;1,0487;1,118
2.713260385;-0,0579;0,3856;1,0548;1,125
2.714329846;-0,0628;0,3908;1,0601;1,132
2.714883769;-0,0669;0,3979;1,0669;1,141
2.715402538;-0,0711;0,4042;1,0706;1,147
2.715919154;-0,0767;0,4094;1,0709;1,149
2.717992615;-0,0799;0,4159;1,0723;1,153
2.720827769;-0,0782;0,4238;1,0778;1,161
2.723158846;-0,0796;0,4320;1,0814;1,167
2.725658231;-0,0831;0,4431;1,0799;1,170
2.728224;-0,0813;0,4531;1,0797;1,174
2.730892308;-0,0825;0,4618;1,0795;1,177
2.733987769;-0,0823;0,4687;1,0755;1,176
2.735584077;-0,0799;0,4721;1,0734;1,175
2.739625538;-0,0762;0,4770;1,0706;1,175
2.740618231;-0,0755;0,4819;1,0646;1,171
2.743250461;-0,0740;0,4853;1,0597;1,168
2.745886846;-0,0733;0,4872;1,0589;1,168
2.748087461;-0,0718;0,4841;1,0572;1,165
2.750870538;-0,0694;0,4848;1,0572;1,165
2.753149923;-0,0687;0,4839;1,0557;1,163
2.756961615;-0,0667;0,4823;1,0592;1,166
2.758320692;-0,0684;0,4834;1,0611;1,168
2.760950769;-0,0671;0,4829;1,0638;1,170
2.763443077;-0,0694;0,4832;1,0687;1,175
2.766141615;-0,0703;0,4799;1,0697;1,175
2.768729923;-0,0687;0,4783;1,0706;1,175
2.770843461;-0,0703;0,4785;1,0669;1,171
2.773958154;-0,0677;0,4821;1,0653;1,171
2.776101231;-0,0662;0,4834;1,0618;1,169
2.778525846;-0,0633;0,4834;1,0589;1,166
2.781021923;-0,0608;0,4851;1,0543;1,162
2.783679385;-0,0562;0,4875;1,0482;1,157
2.786109615;-0,0525;0,4878;1,0445;1,154
2.798719154;-0,0503;0,4900;1,0396;1,150
2.800890231;-0,0461;0,4929;1,0367;1,149
2.801617538;-0,0433;0,4958;1,0355;1,149
2.802157231;-0,0413;0,4981;1,0324;1,147
2.802593308;-0,0359;0,4965;1,0275;1,142
2.803056308;-0,0324;0,5002;1,0271;1,143
2.803998538;-0,0323;0,4985;1,0240;1,139
2.816256;-0,0337;0,4983;1,0179;1,134
2.816649846;-0,0312;0,4985;1,0133;1,130
2.816905;-0,0310;0,5009;1,0084;1,126
2.817373923;-0,0300;0,5030;1,0064;1,126
2.817738538;-0,0291;0,5042;1,0015;1,122
2.818904077;-0,0277;0,5074;0,9973;1,119
2.821599769;-0,0261;0,5086;0,9956;1,118
2.824096;-0,0264;0,5100;0,9959;1,119
2.826396692;-0,0230;0,5137;0,9977;1,122
2.828774538;-0,0184;0,5181;0,9993;1,126
2.831467154;-0,0147;0,5205;1,0003;1,128
2.834032923;-0,0117;0,5207;1,0008;1,128
2.836312692;-0,0105;0,5198;1,0020;1,129
2.839910846;-0,0061;0,5207;1,0045;1,131
2.841481846;-0,0046;0,5207;1,0054;1,132
2.844188692;-0,0023;0,5168;1,0042;1,129
2.846529;-0,0010;0,5158;1,0052;1,130
2.848931154;0,0001;0,5139;1,0089;1,132
2.851860077;-0,0014;0,5114;1,0113;1,133
2.854095077;-0,0034;0,5093;1,0140;1,135
2.856837231;-0,0056;0,5053;1,0186;1,137
2.859052615;-0,0056;0,5042;1,0215;1,139
2.861754154;-0,0063;0,5051;1,0220;1,140
2.864084615;-0,0144;0,5037;1,0242;1,141
2.866566231;-0,0200;0,5030;1,0240;1,141
2.869026769;-0,0249;0,5014;1,0194;1,136
2.871621308;-0,0252;0,4995;1,0194;1,135
2.876641923;-0,0235;0,4993;1,0166;1,133
2.877496923;-0,0219;0,5012;1,0179;1,135
2.879495077;-0,0203;0,5014;1,0128;1,130
2.881935461;-0,0207;0,5007;1,0093;1,127
2.884287077;-0,0200;0,5014;1,0042;1,123
2.886669231;-0,0195;0,5030;1,0003;1,120
2.894249538;-0,0181;0,5046;0,9924;1,114
2.894896615;-0,0203;0,5032;0,9835;1,105
2.895336615;-0,0198;0,5051;0,9742;1,098
2.896989538;-0,0173;0,5049;0,9624;1,087
2.899403692;-0,0186;0,5019;0,9556;1,080
2.901761231;-0,0193;0,4988;0,9470;1,071
2.904155692;-0,0256;0,4990;0,9390;1,064
2.906976308;-0,0323;0,4985;0,9341;1,059
2.909613231;-0,0389;0,5017;0,9302;1,058
2.912032615;-0,0454;0,5014;0,9248;1,053
2.914507154;-0,0531;0,5037;0,9229;1,053
2.916954461;-0,0569;0,5053;0,9214;1,052
2.919466538;-0,0618;0,5083;0,9194;1,052
2.922922461;-0,0667;0,5100;0,9206;1,055
2.924732923;-0,0687;0,5107;0,9209;1,055
2.927662538;-0,0694;0,5105;0,9234;1,057
2.929812692;-0,0706;0,5090;0,9297;1,062
2.932002231;-0,0706;0,5049;0,9365;1,066
2.934928615;-0,0655;0,4983;0,9414;1,067
2.936883154;-0,0633;0,4863;0,9473;1,067
2.939525538;-0,0562;0,4753;0,9468;1,061
2.942;-0,0464;0,4594;0,9485;1,055
2.944515077;-0,0396;0,4445;0,9500;1,050
2.946973538;-0,0310;0,4287;0,9444;1,038
2.949812923;-0,0232;0,4157;0,9378;1,026
2.952242538;-0,0144;0,4054;0,9311;1,016
2.954893923;-0,0081;0,3966;0,9246;1,006
2.958011692;-0,0044;0,3912;0,9211;1,001
2.959791385;0,0004;0,3930;0,9136;0,995
2.962378769;0,0060;0,3945;0,9038;0,986
2.964753538;0,0102;0,3977;0,8923;0,977
2.967537923;0,0136;0,4037;0,8831;0,971
2.969738231;0,0197;0,4108;0,8696;0,962
2.972914154;0,0234;0,4174;0,8603;0,957
2.974887769;0,0253;0,4289;0,8533;0,955
2.977533308;0,0260;0,4373;0,8461;0,953
2.979727077;0,0280;0,4462;0,8410;0,952
2.982455461;0,0280;0,4534;0,8366;0,952
2.984809615;0,0388;0,4531;0,8339;0,950
2.987798769;0,0590;0,4460;0,8325;0,946
2.992716308;0,0409;0,4480;0,8310;0,945
2.994235154;0,0197;0,4594;0,8312;0,950
2.995024692;0,0092;0,4714;0,8283;0,953
2.997603077;0,0078;0,4839;0,8249;0,956
3.000161231;0,0080;0,4870;0,8276;0,960
3.002366154;0,0150;0,4836;0,8283;0,959
3.005912692;0,0216;0,4788;0,8242;0,953
3.007829;0,0243;0,4697;0,8170;0,943
3.010251692;0,0234;0,4606;0,8100;0,932
3.012759385;0,0204;0,4567;0,8060;0,927
3.015133846;0,0160;0,4569;0,8039;0,925
3.017505308;0,0116;0,4594;0,8009;0,923
3.019866461;0,0102;0,4660;0,7973;0,924
3.022813231;0,0114;0,4655;0,7934;0,920
3.025373308;0,0148;0,4624;0,7867;0,913
3.027829538;0,0180;0,4597;0,7809;0,906
3.030040077;0,0219;0,4538;0,7799;0,903
3.032892;0,0285;0,4492;0,7799;0,900
3.034938538;0,0321;0,4433;0,7799;0,898
3.037390231;0,0385;0,4396;0,7821;0,898
3.040106769;0,0432;0,4404;0,7839;0,900
3.042599154;0,0441;0,4411;0,7911;0,907
3.045071461;0,0439;0,4408;0,7980;0,913
3.047657538;0,0449;0,4443;0,8088;0,924
3.050287154;0,0453;0,4455;0,8149;0,930
3.052860385;0,0461;0,4448;0,8217;0,936
3.056512308;0,0446;0,4429;0,8268;0,939
3.058126538;0,0400;0,4472;0,8395;0,952
3.060519461;0,0390;0,4494;0,8471;0,960
3.062954846;0,0358;0,4501;0,8566;0,968
3.065566538;0,0344;0,4492;0,8647;0,975
3.068143385;0,0341;0,4482;0,8728;0,982
3.070712308;0,0321;0,4460;0,8840;0,991
3.073746461;0,0302;0,4450;0,8957;1,001
3.075878846;0,0300;0,4457;0,9036;1,008
3.078395769;0,0280;0,4438;0,9138;1,016
3.080663692;0,0311;0,4450;0,9223;1,025
3.083069231;0,0292;0,4433;0,9339;1,034
3.085503154;0,0272;0,4420;0,9460;1,045
3.087926154;0,0241;0,4373;0,9583;1,054
3.093085;0,0195;0,4303;0,9649;1,057
3.093896385;0,0131;0,4259;0,9744;1,063
3.095802769;0,0062;0,4220;0,9807;1,068
3.098244692;-0,0014;0,4191;0,9854;1,071
3.100696692;-0,0100;0,4191;0,9907;1,076
3.103388923;-0,0184;0,4210;0,9891;1,075
3.116339385;-0,0235;0,4218;0,9891;1,076
3.117121;-0,0288;0,4247;0,9876;1,075
3.117613923;-0,0354;0,4262;0,9884;1,077
3.117963385;-0,0413;0,4262;0,9861;1,075
3.118256615;-0,0486;0,4262;0,9915;1,080
3.118482538;-0,0522;0,4296;0,9949;1,085
3.120658231;-0,0584;0,4324;1,0020;1,093
3.123382538;-0,0640;0,4303;1,0084;1,098
3.125934846;-0,0657;0,4271;1,0142;1,102
3.128501846;-0,0657;0,4233;1,0247;1,111
3.130876308;-0,0650;0,4184;1,0294;1,113
3.133501615;-0,0633;0,4166;1,0362;1,119
3.135914462;-0,0594;0,4152;1,0420;1,123
3.139300615;-0,0554;0,4154;1,0460;1,127
3.140987769;-0,0482;0,4150;1,0487;1,129
3.143586538;-0,0422;0,4154;1,0508;1,131
3.146201;-0,0361;0,4184;1,0508;1,132
3.148558769;-0,0335;0,4201;1,0487;1,130
3.151126846;-0,0266;0,4250;1,0494;1,132
3.153321923;-0,0247;0,4313;1,0472;1,133
3.155966231;-0,0217;0,4396;1,0428;1,132
3.158487077;-0,0205;0,4513;1,0367;1,131
3.161001308;-0,0222;0,4616;1,0291;1,128
3.163511692;-0,0254;0,4711;1,0194;1,123
3.166492385;-0,0274;0,4802;1,0057;1,115
3.168789308;-0,0310;0,4870;0,9924;1,106
3.171302462;-0,0354;0,4951;0,9798;1,098
3.174207769;-0,0391;0,5030;0,9656;1,089
3.176413923;-0,0435;0,5090;0,9519;1,080
3.179024923;-0,0454;0,5126;0,9409;1,072
3.181380923;-0,0464;0,5139;0,9336;1,067
3.183787154;-0,0515;0,5093;0,9255;1,058
3.186568615;-0,0525;0,5039;0,9221;1,052
3.193334846;-0,0542;0,4993;0,9229;1,051
3.194831385;-0,0562;0,4924;0,9238;1,048
3.195753923;-0,0564;0,4841;0,9267;1,047
3.196565231;-0,0554;0,4778;0,9307;1,048
3.199041308;-0,0520;0,4695;0,9341;1,047
3.201269308;-0,0464;0,4634;0,9363;1,046
3.203849846;-0,0408;0,4602;0,9399;1,047
3.216368615;-0,0359;0,4543;0,9424;1,047
3.217140615;-0,0324;0,4504;0,9446;1,047
3.217632615;-0,0274;0,4516;0,9470;1,050
3.217997231;-0,0252;0,4516;0,9490;1,051
3.218333615;-0,0205;0,4557;0,9488;1,053
3.218689308;-0,0139;0,4575;0,9488;1,053
3.221411385;-0,0110;0,4585;0,9521;1,057
3.224147077;-0,0051;0,4575;0,9553;1,059
3.226566846;0,0006;0,4599;0,9568;1,062
3.229090769;0,0075;0,4627;0,9605;1,066
3.231566231;0,0104;0,4658;0,9621;1,069
3.234128;0,0165;0,4702;0,9630;1,072
3.236704385;0,0197;0,4746;0,9656;1,076
3.239389846;0,0246;0,4755;0,9688;1,079
3.241788385;0,0280;0,4788;0,9758;1,087
3.244022769;0,0323;0,4826;0,9795;1,092
3.246686462;0,0323;0,4865;0,9844;1,099
3.249058462;0,0329;0,4958;0,9907;1,108
3.251751154;0,0329;0,5039;0,9964;1,117
3.254692692;0,0307;0,5093;1,0017;1,124
3.256870846;0,0288;0,5154;1,0071;1,132
3.259285;0,0253;0,5173;1,0101;1,135
3.261937308;0,0209;0,5181;1,0108;1,136
3.264121308;0,0211;0,5191;1,0120;1,138
3.266825308;0,0197;0,5142;1,0135;1,137
3.269330462;0,0178;0,5056;1,0171;1,136
3.276445846;0,0165;0,4976;1,0164;1,132
3.277292615;0,0173;0,4863;1,0154;1,126
3.277770538;0,0192;0,4748;1,0179;1,123
3.279376615;0,0227;0,4634;1,0198;1,120
3.281953;0,0209;0,4567;1,0228;1,120
3.284430769;0,0207;0,4521;1,0233;1,119
3.287029;0,0221;0,4482;1,0252;1,119
3.295492923;0,0195;0,4492;1,0238;1,118
3.296648385;0,0223;0,4516;1,0164;1,112
3.297496615;0,0214;0,4567;1,0098;1,108
3.298099154;0,0202;0,4648;1,0073;1,110
3.299390154;0,0229;0,4736;1,0003;1,107
3.302082846;0,0229;0,4856;0,9912;1,104
3.304455692;0,0223;0,4956;0,9832;1,101
3.307330462;0,0231;0,5042;0,9779;1,100
3.309721231;0,0221;0,5102;0,9705;1,097
3.312137538;0,0227;0,5119;0,9665;1,094
3.314789308;0,0234;0,5098;0,9632;1,090
3.317162538;0,0211;0,5078;0,9585;1,085
3.319886462;0,0178;0,5014;0,9572;1,081
3.323337231;0,0158;0,4951;0,9549;1,076
3.324762846;0,0143;0,4932;0,9525;1,073
3.327160385;0,0148;0,4909;0,9512;1,071
3.329752077;0,0136;0,4885;0,9465;1,065
3.332392923;0,0129;0,4870;0,9416;1,060
3.334869538;0,0141;0,4895;0,9372;1,057
3.337124615;0,0146;0,4916;0,9297;1,052
3.339894769;0,0153;0,4914;0,9206;1,044
3.342432308;0,0187;0,4934;0,9109;1,036
3.344713231;0,0192;0,4968;0,9038;1,032
3.347406154;0,0223;0,4961;0,8950;1,024
3.350158538;0,0263;0,4949;0,8867;1,016
3.352331692;0,0278;0,4958;0,8784;1,009
3.356689923;0,0307;0,4958;0,8694;1,001
3.357585615;0,0341;0,4934;0,8605;0,992
3.360249846;0,0365;0,4912;0,8545;0,986
3.363358538;0,0393;0,4858;0,8481;0,978
3.365102538;0,0429;0,4770;0,8468;0,973
3.367441615;0,0478;0,4683;0,8464;0,968
3.369803769;0,0500;0,4562;0,8449;0,962
3.376165846;0,0556;0,4480;0,8447;0,958
3.376944385;0,0595;0,4406;0,8493;0,959
3.377684923;0,0654;0,4313;0,8528;0,958
3.379988308;0,0683;0,4247;0,8589;0,961
3.382513;0,0715;0,4187;0,8625;0,961
3.385119077;0,0754;0,4125;0,8689;0,965
3.387632385;0,0788;0,4064;0,8759;0,969
3.390311077;0,0779;0,4045;0,8840;0,975
3.392638538;0,0766;0,4013;0,8901;0,979
3.395187385;0,0730;0,4013;0,8931;0,982
3.397848692;0,0705;0,3993;0,8913;0,979
3.400223692;0,0686;0,3996;0,8908;0,979
3.402757846;0,0661;0,3964;0,8923;0,979
3.406845538;0,0635;0,3968;0,8906;0,977
3.408344385;0,0614;0,3968;0,8906;0,977
3.410540308;0,0600;0,4010;0,8911;0,979
3.412930846;0,0583;0,4040;0,8896;0,979
3.415549538;0,0576;0,4091;0,8869;0,978
3.417728923;0,0574;0,4120;0,8845;0,977
3.420291462;0,0544;0,4162;0,8818;0,977
3.423494462;0,0519;0,4187;0,8799;0,976
3.425466769;0,0500;0,4247;0,8818;0,980
3.428097538;0,0453;0,4243;0,8820;0,980
3.430751462;0,0416;0,4213;0,8820;0,978
3.434077615;0,0368;0,4203;0,8815;0,977
3.435468692;0,0276;0,4174;0,8826;0,977
3.437918769;0,0204;0,4159;0,8845;0,978
3.440514846;0,0134;0,4138;0,8859;0,978
3.442996615;0,0078;0,4101;0,8889;0,979
3.445426154;0,0029;0,4054;0,8915;0,979
3.448245846;0,0006;0,3993;0,8943;0,979
3.450973846;-0,0010;0,3920;0,8987;0,980
3.453278462;-0,0039;0,3859;0,9041;0,983
3.456007154;-0,0061;0,3781;0,9075;0,983
3.458253615;-0,0088;0,3735;0,9111;0,985
3.461108692;-0,0056;0,3675;0,9138;0,985
3.463223077;-0,0037;0,3621;0,9209;0,990
3.465724;-0,0032;0,3588;0,9311;0,998
3.468379077;-0,0023;0,3490;0,9395;1,002
3.470883385;0,0009;0,3446;0,9468;1,008
3.473325538;0,0031;0,3370;0,9529;1,011
3.475907692;0,0080;0,3287;0,9593;1,014
3.478192615;0,0146;0,3206;0,9681;1,020
3.480707769;0,0190;0,3106;0,9742;1,023
3.483499154;0,0258;0,3001;0,9791;1,024
3.485810462;0,0395;0,2857;0,9863;1,028
3.492548385;0,0519;0,2720;0,9940;1,032
3.493344692;0,0409;0,2713;1,0020;1,039
3.496280308;0,0260;0,2762;1,0101;1,048
3.496714154;0,0162;0,2852;1,0110;1,051
3.498573308;0,0118;0,2913;1,0147;1,056
3.501049308;0,0136;0,2941;1,0179;1,060
3.503299769;0,0150;0,2941;1,0177;1,059
3.506770231;0,0160;0,2920;1,0152;1,057
3.508462846;0,0185;0,2933;1,0150;1,057
3.510859077;0,0158;0,2960;1,0154;1,058
3.513492615;0,0116;0,3029;1,0120;1,056
3.516042231;0,0053;0,3109;1,0059;1,053
3.518499154;-0,0012;0,3173;0,9988;1,048
3.520802846;-0,0049;0,3270;0,9924;1,045
3.523591154;-0,0075;0,3395;0,9863;1,043
3.526211385;-0,0107;0,3446;0,9800;1,039
3.528486462;-0,0114;0,3488;0,9758;1,036
3.530931769;-0,0117;0,3509;0,9737;1,035
3.533615692;-0,0166;0,3456;0,9737;1,033
3.535972615;-0,0200;0,3385;0,9761;1,033
3.539306462;-0,0228;0,3316;0,9779;1,033
3.541053846;-0,0228;0,3218;0,9791;1,031
3.543517538;-0,0259;0,3116;0,9783;1,027
3.545964385;-0,0296;0,3038;0,9773;1,024
3.548569231;-0,0291;0,2933;0,9783;1,022
3.551228077;-0,0256;0,2838;0,9812;1,022
3.553824692;-0,0219;0,2715;0,9837;1,021
3.556886846;-0,0142;0,2613;0,9815;1,016
3.558945846;-0,0054;0,2537;0,9798;1,012
3.561341231;0,0031;0,2437;0,9768;1,007
3.564008077;0,0134;0,2354;0,9742;1,002
3.566391769;0,0263;0,2281;0,9719;0,999
3.568886231;0,0360;0,2263;0,9707;0,997
3.571497846;0,0470;0,2247;0,9700;0,997
3.574692615;0,0563;0,2276;0,9702;0,998
3.576641308;0,0576;0,2293;0,9707;0,999
3.579032615;0,0570;0,2344;0,9688;0,998
3.581722538;0,0563;0,2368;0,9670;0,997
3.584058846;0,0561;0,2408;0,9683;0,999
3.586659385;0,0534;0,2466;0,9688;1,001
3.596597308;0,0509;0,2503;0,9714;1,004
3.598046846;0,0465;0,2552;0,9727;1,007
3.598957846;0,0432;0,2610;0,9744;1,010
3.599793231;0,0402;0,2666;0,9744;1,011
3.600692692;0,0348;0,2728;0,9783;1,016
3.601450154;0,0316;0,2767;0,9768;1,016
3.604188077;0,0295;0,2759;0,9761;1,015
3.619072308;0,0297;0,2789;0,9773;1,017
3.619531154;0,0258;0,2779;0,9786;1,018
3.619752385;0,0221;0,2740;0,9822;1,020
3.61996;0,0280;0,2701;0,9800;1,017
3.620155769;0,0307;0,2664;0,9812;1,017
3.620503692;0,0272;0,2633;0,9766;1,012
3.624771077;0,0231;0,2596;0,9710;1,005
3.625931692;0,0211;0,2591;0,9683;1,003
3.626663692;0,0173;0,2589;0,9617;0,996
3.629327769;0,0143;0,2584;0,9551;0,990
3.632015769;0,0136;0,2579;0,9485;0,983
3.634483154;0,0129;0,2582;0,9468;0,981
3.636702231;0,0099;0,2586;0,9468;0,982
3.640139385;0,0075;0,2571;0,9407;0,975
3.642129846;0,0102;0,2564;0,9402;0,975
3.644688692;0,0134;0,2571;0,9370;0,972
3.647069923;0,0148;0,2549;0,9311;0,965
3.649555462;0,0185;0,2540;0,9274;0,962
3.652056615;0,0199;0,2524;0,9231;0,957
3.654747154;0,0216;0,2528;0,9199;0,954
3.657761308;0,0263;0,2503;0,9194;0,953
3.659677538;0,0288;0,2479;0,9187;0,952
3.662219462;0,0341;0,2466;0,9206;0,954
3.664639385;0,0370;0,2440;0,9265;0,959
3.667345846;0,0458;0,2400;0,9285;0,960
3.669859077;0,0495;0,2330;0,9292;0,959
3.673798769;0,0539;0,2300;0,9334;0,963
3.675713231;0,0590;0,2254;0,9336;0,962
3.677420692;0,0630;0,2219;0,9385;0,966
3.679763462;0,0700;0,2181;0,9397;0,967
3.682205308;0,0739;0,2137;0,9453;0,972
3.686624308;0,0751;0,2063;0,9553;0,980
3.687275769;0,0715;0,2007;0,9583;0,982
3.693368077;0,0679;0,1951;0,9617;0,984
3.694574231;0,0656;0,1851;0,9621;0,982
3.695405923;0,0658;0,1778;0,9658;0,984
3.697068308;0,0656;0,1727;0,9678;0,985
3.700243462;0,0586;0,1653;0,9681;0,984
3.702122154;0,0551;0,1587;0,9686;0,983
3.705442154;0,0542;0,1557;0,9695;0,983
3.708054462;0,0530;0,1529;0,9724;0,986
3.709955769;0,0500;0,1520;0,9749;0,988
3.712585;0,0495;0,1536;0,9761;0,989
3.715135077;0,0500;0,1597;0,9776;0,992
3.717543462;0,0521;0,1682;0,9758;0,992
3.719966154;0,0534;0,1772;0,9730;0,990
3.722900077;0,0554;0,1867;0,9683;0,988
3.724985231;0,0532;0,1985;0,9673;0,989
3.727507769;0,0521;0,2102;0,9688;0,993
3.729861308;0,0476;0,2207;0,9719;0,998
3.732384308;0,0456;0,2317;0,9710;0,999
3.734900385;0,0416;0,2412;0,9644;0,995
3.737847077;0,0363;0,2471;0,9609;0,993
3.739964308;0,0341;0,2549;0,9581;0,992
3.742486462;0,0307;0,2610;0,9527;0,988
3.744972077;0,0255;0,2635;0,9500;0,986
3.747508077;0,0207;0,2645;0,9481;0,984
3.749928385;0,0155;0,2674;0,9532;0,990
3.752474462;0,0102;0,2689;0,9581;0,995
3.75574;0,0043;0,2684;0,9597;0,997
3.757897538;-0,0002;0,2638;0,9656;1,001
3.759970154;-0,0073;0,2582;0,9737;1,007
3.762675692;-0,0100;0,2530;0,9786;1,011
3.765061308;-0,0100;0,2466;0,9842;1,015
3.767536;-0,0083;0,2412;0,9905;1,019
3.770129;-0,0081;0,2342;0,9917;1,019
3.772966154;-0,0061;0,2298;0,9998;1,026
3.775517538;-0,0046;0,2212;1,0140;1,038
3.777913538;0,0013;0,2121;1,0254;1,047
3.780308692;0,0075;0,2039;1,0374;1,057
3.782896615;0,0153;0,1929;1,0474;1,065
3.785395692;0,0231;0,1804;1,0587;1,074
3.787911692;0,0276;0,1665;1,0706;1,084
3.792878154;0,0280;0,1526;1,0826;1,094
3.793728077;0,0321;0,1408;1,0921;1,102
3.795855462;0,0326;0,1306;1,1025;1,111
3.797945538;0,0323;0,1210;1,1175;1,125
3.800372923;0,0353;0,1169;1,1322;1,139
3.803347769;0,0356;0,1108;1,1481;1,154
3.813143154;0,0360;0,0998;1,1603;1,165
3.813846538;0,0383;0,0930;1,1731;1,177
3.814250769;0,0378;0,0861;1,1824;1,186
3.814661231;0,0346;0,0803;1,1913;1,195
3.815381923;0,0319;0,0761;1,2001;1,203
3.818035462;0,0253;0,0770;1,2080;1,211
3.820776385;0,0204;0,0744;1,2085;1,211
3.824062538;0,0148;0,0744;1,2082;1,211
3.825856;0,0109;0,0702;1,2082;1,210
3.828116;0,0055;0,0678;1,2043;1,206
3.830721231;-0,0023;0,0634;1,1962;1,198
3.833181;-0,0083;0,0624;1,1869;1,189
3.835784;-0,0147;0,0585;1,1713;1,173
3.839198462;-0,0186;0,0544;1,1520;1,153
3.840670462;-0,0252;0,0534;1,1315;1,133
3.843368692;-0,0274;0,0519;1,1093;1,111
3.845758846;-0,0256;0,0546;1,0895;1,091
3.848207077;-0,0235;0,0574;1,0743;1,076
3.850938462;-0,0171;0,0614;1,0580;1,060
3.853256385;-0,0100;0,0668;1,0467;1,049
3.856945846;-0,0030;0,0719;1,0374;1,040
3.858476;0,0026;0,0781;1,0313;1,034
3.860902769;0,0080;0,0830;1,0179;1,021
3.863558846;0,0090;0,0868;1,0108;1,015
3.866180385;0,0131;0,0903;0,9993;1,003
3.868355462;0,0127;0,0932;0,9893;0,994
3.870941538;0,0139;0,0989;0,9815;0,987
3.876135077;0,0141;0,1033;0,9732;0,979
3.876864;0,0104;0,1082;0,9670;0,973
3.878672692;0,0075;0,1120;0,9602;0,967
3.881384077;0,0090;0,1182;0,9527;0,960
3.883794846;0,0085;0,1223;0,9446;0,953
3.886127385;0,0082;0,1294;0,9392;0,948
3.898118231;0,0078;0,1338;0,9311;0,941
3.898882538;0,0069;0,1411;0,9218;0,933
3.899294846;0,0053;0,1452;0,9126;0,924
3.899676923;0,0065;0,1482;0,8994;0,912
3.900025538;0,0048;0,1504;0,8864;0,899
3.900935077;0,0069;0,1499;0,8782;0,891
3.904074154;0,0046;0,1497;0,8647;0,878
3.906699692;0,0038;0,1477;0,8552;0,868
3.908642231;0,0067;0,1489;0,8417;0,855
3.911082231;0,0067;0,1531;0,8381;0,852
3.913753615;0,0069;0,1499;0,8325;0,846
3.916172692;0,0102;0,1494;0,8293;0,843
3.918684308;0,0092;0,1464;0,8261;0,839
3.920994462;0,0114;0,1420;0,8198;0,832
3.923882462;0,0174;0,1380;0,8175;0,829
3.926823385;0,0258;0,1324;0,8126;0,824
3.928719077;0,0329;0,1279;0,8058;0,817
3.931439769;0,0424;0,1264;0,8004;0,811
3.933835692;0,0517;0,1213;0,7960;0,807
3.936324385;0,0610;0,1191;0,7946;0,806
3.939079154;0,0693;0,1145;0,7936;0,805
3.941157846;0,0791;0,1120;0,7978;0,809
3.943813;0,0861;0,1073;0,8058;0,817
3.947000308;0,0910;0,1015;0,8139;0,825
3.948979692;0,0945;0,0959;0,8249;0,836
3.951324077;0,0947;0,0896;0,8361;0,846
3.953798769;0,0961;0,0839;0,8484;0,858
3.956547077;0,0910;0,0791;0,8566;0,865
3.959167769;0,0920;0,0724;0,8674;0,875
3.961963077;0,0915;0,0686;0,8777;0,885
3.964166538;0,0905;0,0621;0,8880;0,895
3.966674231;0,0917;0,0565;0,8969;0,903
3.969010769;0,0903;0,0525;0,9038;0,910
3.980786769;0,0889;0,0458;0,9113;0,917
3.982410154;0,0854;0,0421;0,9165;0,921
3.983307385;0,0784;0,0351;0,9229;0,927
3.984259385;0,0728;0,0272;0,9290;0,932
3.984610538;0,0703;0,0236;0,9358;0,939
3.984952692;0,0698;0,0185;0,9409;0,944
3.986945308;0,0670;0,0124;0,9473;0,950
3.993664;0,0661;0,0077;0,9558;0,958
3.994241308;0,0630;0,0029;0,9632;0,965
3.994730769;0,0586;-0,0042;0,9707;0,972
3.997537;0,0556;-0,0124;0,9793;0,981
3.999408615;0,0519;-0,0186;0,9871;0,989
4.001968;0,0446;-0,0264;0,9944;0,996
4.004433923;0,0385;-0,0357;1,0059;1,007
4.007336385;0,0353;-0,0420;1,0142;1,016
4.009533846;0,0300;-0,0496;1,0228;1,024
4.011856385;0,0243;-0,0567;1,0299;1,032
4.014654769;0,0153;-0,0623;1,0357;1,038
4.017277;0,0085;-0,0664;1,0420;1,044
4.019549615;0,0004;-0,0701;1,0448;1,047
4.022643769;-0,0044;-0,0706;1,0431;1,045
4.024631077;-0,0130;-0,0706;1,0418;1,044
4.027386846;-0,0198;-0,0716;1,0357;1,038
4.029644077;-0,0242;-0,0738;1,0252;1,028
4.032037231;-0,0277;-0,0750;1,0128;1,016
4.034741538;-0,0298;-0,0718;0,9979;1,001
4.037001615;-0,0296;-0,0711;0,9859;0,989
4.039854154;-0,0317;-0,0694;0,9727;0,976
4.042566846;-0,0347;-0,0687;0,9668;0,970
4.044704923;-0,0361;-0,0677;0,9644;0,967
4.047275769;-0,0379;-0,0684;0,9661;0,969
4.049729308;-0,0408;-0,0667;0,9702;0,973
4.052118846;-0,0445;-0,0650;0,9761;0,979
4.056079462;-0,0473;-0,0677;0,9812;0,985
4.057193;-0,0520;-0,0696;0,9884;0,992
4.059647154;-0,0584;-0,0724;0,9979;1,002
4.062145615;-0,0652;-0,0789;1,0093;1,014
4.064532385;-0,0696;-0,0818;1,0245;1,030
4.067635769;-0,0776;-0,0862;1,0392;1,046
4.069851077;-0,0831;-0,0923;1,0499;1,057
4.072620615;-0,0867;-0,0955;1,0604;1,068
4.075048077;-0,0909;-0,0997;1,0699;1,078
4.077429538;-0,0904;-0,0992;1,0743;1,083
4.080015462;-0,0736;-0,0769;1,0697;1,075
4.082559769;-0,0219;-0,0398;1,0462;1,047
4.084854846;-0,0694;-0,0638;1,0641;1,068
4.087286846;-0,1034;-0,0860;1,0714;1,080
4.092286231;-0,1236;-0,1063;1,0687;1,081
4.093053538;-0,1344;-0,1202;1,0560;1,071
4.094773;-0,1319;-0,1232;1,0406;1,056
4.097662231;-0,1278;-0,1207;1,0289;1,044
4.100132;-0,1246;-0,1170;1,0247;1,039
4.102448692;-0,1232;-0,1111;1,0279;1,041
4.105966154;-0,1223;-0,1046;1,0308;1,043
4.107548692;-0,1160;-0,0953;1,0328;1,044
4.109952615;-0,1136;-0,0926;1,0362;1,047
4.113306846;-0,1139;-0,0985;1,0389;1,050
4.115212385;-0,1127;-0,1055;1,0401;1,051
4.117684308;-0,1073;-0,1119;1,0433;1,055
4.120003769;-0,1014;-0,1148;1,0445;1,056
4.122890769;-0,0960;-0,1160;1,0489;1,060
4.125108385;-0,0943;-0,1151;1,0569;1,067
4.127583692;-0,0926;-0,1158;1,0655;1,076
4.130110154;-0,0892;-0,1119;1,0723;1,082
4.132799462;-0,0894;-0,1107;1,0778;1,087
4.135295154;-0,0862;-0,1058;1,0831;1,092
4.137704923;-0,0818;-0,1021;1,0892;1,097
4.140295154;-0,0757;-0,1009;1,0870;1,094
4.142767769;-0,0675;-0,1002;1,0883;1,095
4.145300615;-0,0591;-0,1027;1,0892;1,096
4.147751769;-0,0508;-0,1031;1,0875;1,094
4.150302462;-0,0408;-0,1060;1,0902;1,096
4.152805846;-0,0324;-0,1083;1,0948;1,101
4.155964692;-0,0293;-0,1090;1,1012;1,107
4.158008923;-0,0230;-0,1073;1,1068;1,112
4.160342769;-0,0195;-0,1046;1,1095;1,115
4.162915077;-0,0151;-0,1018;1,1156;1,120
4.165521308;-0,0046;-0,0962;1,1198;1,124
4.168070231;0,0050;-0,0902;1,1205;1,124
4.170456077;0,0153;-0,0855;1,1239;1,127
4.173128692;0,0231;-0,0818;1,1279;1,131
4.175612;0,0319;-0,0792;1,1286;1,132
4.178248692;0,0427;-0,0731;1,1344;1,138
4.180371154;0,0521;-0,0667;1,1428;1,146
4.183176077;0,0602;-0,0615;1,1496;1,153
4.185529846;0,0691;-0,0564;1,1557;1,159
4.197371385;0,0763;-0,0528;1,1549;1,159
4.198961231;0,0832;-0,0474;1,1493;1,153
4.199852923;0,0917;-0,0430;1,1440;1,148
4.200547462;0,0989;-0,0364;1,1417;1,147
4.20092;0,1005;-0,0310;1,1405;1,145
4.201450154;0,1003;-0,0257;1,1376;1,142
4.203337923;0,0979;-0,0212;1,1412;1,146
4.209097;0,0959;-0,0171;1,1493;1,153
4.209682846;0,0928;-0,0130;1,1586;1,162
4.210726846;0,0903;-0,0042;1,1662;1,170
4.213283769;0,0889;0,0038;1,1679;1,171
4.216117308;0,0924;0,0121;1,1645;1,168
4.218634769;0,0933;0,0180;1,1579;1,162
4.221059462;0,0935;0,0260;1,1466;1,151
4.223561231;0,0937;0,0343;1,1307;1,135
4.226080615;0,0915;0,0407;1,1137;1,118
4.228349923;0,0756;0,0434;1,0872;1,091
4.230945231;0,0658;0,0468;1,0477;1,051
4.233558462;0,0881;0,0668;1,0328;1,039
4.236157538;0,1008;0,0844;1,0262;1,035
4.239351154;0,1042;0,1008;1,0186;1,029
4.240901615;0,1001;0,1125;1,0184;1,029
4.243512077;0,0891;0,1203;1,0120;1,023
4.246054769;0,0825;0,1250;1,0084;1,019
4.248377538;0,0856;0,1331;1,0005;1,013
4.251462769;0,0920;0,1392;0,9977;1,012
4.253411769;0,0920;0,1416;0,9964;1,011
4.256347462;0,0891;0,1428;0,9949;1,009
4.258876923;0,0864;0,1450;1,0015;1,016
4.261044;0,0812;0,1440;1,0133;1,027
4.263835462;0,0732;0,1457;1,0120;1,025
4.266382462;0,0703;0,1480;1,0122;1,025
4.268847769;0,0710;0,1508;1,0223;1,036
4.271126462;0,0756;0,1562;1,0359;1,050
4.274013615;0,0828;0,1587;1,0506;1,066
4.276295462;0,0859;0,1572;1,0287;1,044
4.278932385;0,0856;0,1548;0,9688;0,985
4.281473846;0,0884;0,1582;0,9407;0,958
4.283878154;0,0910;0,1609;0,9502;0,968
4.286492385;0,0877;0,1572;0,9923;1,008
4.290743077;0,0737;0,1489;1,0362;1,049
4.291197846;0,0556;0,1460;1,0704;1,082
4.294332308;0,0470;0,1464;1,0988;1,109
4.296041923;0,0439;0,1492;1,1307;1,141
4.298593;0,0500;0,1497;1,1640;1,175
4.300944308;0,0568;0,1504;1,1882;1,199
4.303431769;0,0581;0,1494;1,2029;1,213
4.306034231;0,0576;0,1499;1,2172;1,228
4.308547385;0,0546;0,1501;1,2360;1,246
4.310967385;0,0481;0,1472;1,2539;1,263
4.313495385;0,0409;0,1428;1,2630;1,272
4.316104692;0,0390;0,1384;1,2668;1,275
4.318687154;0,0427;0,1371;1,2590;1,267
4.321542846;0,0461;0,1374;1,2488;1,257
4.323837846;0,0393;0,1376;1,2314;1,240
4.326319077;0,0265;0,1433;1,2011;1,210
4.328700077;0,0146;0,1494;1,1642;1,174
4.331261923;0,0029;0,1587;1,1310;1,142
4.333871077;-0,0026;0,1662;1,0960;1,109
4.336201846;-0,0066;0,1736;1,0667;1,081
4.338846231;-0,0112;0,1780;1,0369;1,052
4.341610462;-0,0130;0,1848;1,0147;1,031
4.344070538;-0,0188;0,1927;0,9944;1,013
4.346564692;-0,0261;0,2021;0,9805;1,001
4.349077231;-0,0335;0,2112;0,9681;0,991
4.351688692;-0,0368;0,2168;0,9488;0,974
4.354158154;-0,0291;0,2183;0,9253;0,951
4.359508615;-0,0494;0,2173;0,9160;0,943
4.360097308;-0,0611;0,2200;0,8967;0,925
